<?xml version="1.0" encoding="UTF-8"?>
<metadata xml:lang="es"><Esri><CreaDate>20240402</CreaDate><CreaTime>12294400</CreaTime><ArcGISFormat>1.0</ArcGISFormat><SyncOnce>FALSE</SyncOnce><DataProperties><lineage><Process ToolSource="c:\program files (x86)\arcgis\desktop10.8\ArcToolbox\Toolboxes\Data Management Tools.tbx\Project" Date="20220203" Time="154149">Project "N:\geodbCUU_ws\002 Hidrografía\gdbwork\MAGALLANES.gdb\Placemarks\Polylines" "N:\geodbCUU_ws\002 Hidrografía\gdbwork\gdbn\Polylines_5.shp" PROJCS['MEXICO_ITRF_2008_UTM_Zone_13N',GEOGCS['ITRF_2008',DATUM['D_ITRF_2008',SPHEROID['GRS_1980',6378137.0,298.257222101]],PRIMEM['Greenwich',0.0],UNIT['Degree',0.0174532925199433]],PROJECTION['Transverse_Mercator'],PARAMETER['False_Easting',500000.0],PARAMETER['False_Northing',0.0],PARAMETER['Central_Meridian',-105.0],PARAMETER['Scale_Factor',0.9996],PARAMETER['Latitude_Of_Origin',0.0],UNIT['Meter',1.0]] 'WGS_1984_(ITRF08)_To_NAD_1983_2011 + ITRF_2008_To_NAD_1983_2011' GEOGCS['GCS_WGS_1984',DATUM['D_WGS_1984',SPHEROID['WGS_1984',6378137.0,298.257223563]],PRIMEM['Greenwich',0.0],UNIT['Degree',0.0174532925199433]],VERTCS['EGM96_Geoid',VDATUM['EGM96_Geoid'],PARAMETER['Vertical_Shift',0.0],PARAMETER['Direction',1.0],UNIT['Meter',1.0]] NO_PRESERVE_SHAPE # NO_VERTICAL</Process><Process ToolSource="c:\program files (x86)\arcgis\desktop10.8\ArcToolbox\Toolboxes\Data Management Tools.tbx\Merge" Date="20220203" Time="155112">Merge 'N:\geodbCUU_ws\002 Hidrografía\gdbwork\gdbn\Polylines_5.shp';'N:\geodbCUU_ws\002 Hidrografía\gdbwork\gdbn\Polylines_4.shp';'N:\geodbCUU_ws\002 Hidrografía\gdbwork\gdbn\Polylines_3.shp';'N:\geodbCUU_ws\002 Hidrografía\gdbwork\gdbn\Polylines_2.shp';'N:\geodbCUU_ws\002 Hidrografía\gdbwork\gdbn\Polylines_12.shp';'N:\geodbCUU_ws\002 Hidrografía\gdbwork\gdbn\Polylines_11.shp';'N:\geodbCUU_ws\002 Hidrografía\gdbwork\gdbn\Polylines_9.shp';'N:\geodbCUU_ws\002 Hidrografía\gdbwork\gdbn\Polylines_10.shp';'N:\geodbCUU_ws\002 Hidrografía\gdbwork\gdbn\Polylines_8.shp';'N:\geodbCUU_ws\002 Hidrografía\gdbwork\gdbn\Polylines_1.shp';'N:\geodbCUU_ws\002 Hidrografía\gdbwork\gdbn\Polylines_7.shp';'N:\geodbCUU_ws\002 Hidrografía\gdbwork\gdbn\Polylines.shp';'N:\geodbCUU_ws\002 Hidrografía\gdbwork\gdbn\Polylines_6.shp' "N:\geodbCUU_ws\002 Hidrografía\gdbwork\Zonas_Federales-Causes.gdb\Causes_Zonas_Federales" "OID_ "OID_" true true false 10 Long 0 10 ,First,#,N:\geodbCUU_ws\002 Hidrografía\gdbwork\gdbn\Polylines_5.shp,OID_,-1,-1,N:\geodbCUU_ws\002 Hidrografía\gdbwork\gdbn\Polylines_4.shp,OID_,-1,-1,N:\geodbCUU_ws\002 Hidrografía\gdbwork\gdbn\Polylines_3.shp,OID_,-1,-1,N:\geodbCUU_ws\002 Hidrografía\gdbwork\gdbn\Polylines_2.shp,OID_,-1,-1,N:\geodbCUU_ws\002 Hidrografía\gdbwork\gdbn\Polylines_12.shp,OID_,-1,-1,N:\geodbCUU_ws\002 Hidrografía\gdbwork\gdbn\Polylines_11.shp,OID_,-1,-1,N:\geodbCUU_ws\002 Hidrografía\gdbwork\gdbn\Polylines_9.shp,OID_,-1,-1,N:\geodbCUU_ws\002 Hidrografía\gdbwork\gdbn\Polylines_10.shp,OID_,-1,-1,N:\geodbCUU_ws\002 Hidrografía\gdbwork\gdbn\Polylines_8.shp,OID_,-1,-1,N:\geodbCUU_ws\002 Hidrografía\gdbwork\gdbn\Polylines_1.shp,OID_,-1,-1,N:\geodbCUU_ws\002 Hidrografía\gdbwork\gdbn\Polylines_7.shp,OID_,-1,-1,N:\geodbCUU_ws\002 Hidrografía\gdbwork\gdbn\Polylines.shp,OID_,-1,-1,N:\geodbCUU_ws\002 Hidrografía\gdbwork\gdbn\Polylines_6.shp,OID_,-1,-1;Name "Name" true true false 254 Text 0 0 ,First,#,N:\geodbCUU_ws\002 Hidrografía\gdbwork\gdbn\Polylines_5.shp,Name,-1,-1,N:\geodbCUU_ws\002 Hidrografía\gdbwork\gdbn\Polylines_4.shp,Name,-1,-1,N:\geodbCUU_ws\002 Hidrografía\gdbwork\gdbn\Polylines_3.shp,Name,-1,-1,N:\geodbCUU_ws\002 Hidrografía\gdbwork\gdbn\Polylines_2.shp,Name,-1,-1,N:\geodbCUU_ws\002 Hidrografía\gdbwork\gdbn\Polylines_12.shp,Name,-1,-1,N:\geodbCUU_ws\002 Hidrografía\gdbwork\gdbn\Polylines_11.shp,Name,-1,-1,N:\geodbCUU_ws\002 Hidrografía\gdbwork\gdbn\Polylines_9.shp,Name,-1,-1,N:\geodbCUU_ws\002 Hidrografía\gdbwork\gdbn\Polylines_10.shp,Name,-1,-1,N:\geodbCUU_ws\002 Hidrografía\gdbwork\gdbn\Polylines_8.shp,Name,-1,-1,N:\geodbCUU_ws\002 Hidrografía\gdbwork\gdbn\Polylines_1.shp,Name,-1,-1,N:\geodbCUU_ws\002 Hidrografía\gdbwork\gdbn\Polylines_7.shp,Name,-1,-1,N:\geodbCUU_ws\002 Hidrografía\gdbwork\gdbn\Polylines.shp,Name,-1,-1,N:\geodbCUU_ws\002 Hidrografía\gdbwork\gdbn\Polylines_6.shp,Name,-1,-1;FolderPath "FolderPath" true true false 254 Text 0 0 ,First,#,N:\geodbCUU_ws\002 Hidrografía\gdbwork\gdbn\Polylines_5.shp,FolderPath,-1,-1,N:\geodbCUU_ws\002 Hidrografía\gdbwork\gdbn\Polylines_4.shp,FolderPath,-1,-1,N:\geodbCUU_ws\002 Hidrografía\gdbwork\gdbn\Polylines_3.shp,FolderPath,-1,-1,N:\geodbCUU_ws\002 Hidrografía\gdbwork\gdbn\Polylines_2.shp,FolderPath,-1,-1,N:\geodbCUU_ws\002 Hidrografía\gdbwork\gdbn\Polylines_12.shp,FolderPath,-1,-1,N:\geodbCUU_ws\002 Hidrografía\gdbwork\gdbn\Polylines_11.shp,FolderPath,-1,-1,N:\geodbCUU_ws\002 Hidrografía\gdbwork\gdbn\Polylines_9.shp,FolderPath,-1,-1,N:\geodbCUU_ws\002 Hidrografía\gdbwork\gdbn\Polylines_10.shp,FolderPath,-1,-1,N:\geodbCUU_ws\002 Hidrografía\gdbwork\gdbn\Polylines_8.shp,FolderPath,-1,-1,N:\geodbCUU_ws\002 Hidrografía\gdbwork\gdbn\Polylines_1.shp,FolderPath,-1,-1,N:\geodbCUU_ws\002 Hidrografía\gdbwork\gdbn\Polylines_7.shp,FolderPath,-1,-1,N:\geodbCUU_ws\002 Hidrografía\gdbwork\gdbn\Polylines.shp,FolderPath,-1,-1,N:\geodbCUU_ws\002 Hidrografía\gdbwork\gdbn\Polylines_6.shp,FolderPath,-1,-1;SymbolID "SymbolID" true true false 10 Long 0 10 ,First,#,N:\geodbCUU_ws\002 Hidrografía\gdbwork\gdbn\Polylines_5.shp,SymbolID,-1,-1,N:\geodbCUU_ws\002 Hidrografía\gdbwork\gdbn\Polylines_4.shp,SymbolID,-1,-1,N:\geodbCUU_ws\002 Hidrografía\gdbwork\gdbn\Polylines_3.shp,SymbolID,-1,-1,N:\geodbCUU_ws\002 Hidrografía\gdbwork\gdbn\Polylines_2.shp,SymbolID,-1,-1,N:\geodbCUU_ws\002 Hidrografía\gdbwork\gdbn\Polylines_12.shp,SymbolID,-1,-1,N:\geodbCUU_ws\002 Hidrografía\gdbwork\gdbn\Polylines_11.shp,SymbolID,-1,-1,N:\geodbCUU_ws\002 Hidrografía\gdbwork\gdbn\Polylines_9.shp,SymbolID,-1,-1,N:\geodbCUU_ws\002 Hidrografía\gdbwork\gdbn\Polylines_10.shp,SymbolID,-1,-1,N:\geodbCUU_ws\002 Hidrografía\gdbwork\gdbn\Polylines_8.shp,SymbolID,-1,-1,N:\geodbCUU_ws\002 Hidrografía\gdbwork\gdbn\Polylines_1.shp,SymbolID,-1,-1,N:\geodbCUU_ws\002 Hidrografía\gdbwork\gdbn\Polylines_7.shp,SymbolID,-1,-1,N:\geodbCUU_ws\002 Hidrografía\gdbwork\gdbn\Polylines.shp,SymbolID,-1,-1,N:\geodbCUU_ws\002 Hidrografía\gdbwork\gdbn\Polylines_6.shp,SymbolID,-1,-1;AltMode "AltMode" true true false 5 Long 0 5 ,First,#,N:\geodbCUU_ws\002 Hidrografía\gdbwork\gdbn\Polylines_5.shp,AltMode,-1,-1,N:\geodbCUU_ws\002 Hidrografía\gdbwork\gdbn\Polylines_4.shp,AltMode,-1,-1,N:\geodbCUU_ws\002 Hidrografía\gdbwork\gdbn\Polylines_3.shp,AltMode,-1,-1,N:\geodbCUU_ws\002 Hidrografía\gdbwork\gdbn\Polylines_2.shp,AltMode,-1,-1,N:\geodbCUU_ws\002 Hidrografía\gdbwork\gdbn\Polylines_12.shp,AltMode,-1,-1,N:\geodbCUU_ws\002 Hidrografía\gdbwork\gdbn\Polylines_11.shp,AltMode,-1,-1,N:\geodbCUU_ws\002 Hidrografía\gdbwork\gdbn\Polylines_9.shp,AltMode,-1,-1,N:\geodbCUU_ws\002 Hidrografía\gdbwork\gdbn\Polylines_10.shp,AltMode,-1,-1,N:\geodbCUU_ws\002 Hidrografía\gdbwork\gdbn\Polylines_8.shp,AltMode,-1,-1,N:\geodbCUU_ws\002 Hidrografía\gdbwork\gdbn\Polylines_1.shp,AltMode,-1,-1,N:\geodbCUU_ws\002 Hidrografía\gdbwork\gdbn\Polylines_7.shp,AltMode,-1,-1,N:\geodbCUU_ws\002 Hidrografía\gdbwork\gdbn\Polylines.shp,AltMode,-1,-1,N:\geodbCUU_ws\002 Hidrografía\gdbwork\gdbn\Polylines_6.shp,AltMode,-1,-1;Base "Base" true true false 19 Double 0 0 ,First,#,N:\geodbCUU_ws\002 Hidrografía\gdbwork\gdbn\Polylines_5.shp,Base,-1,-1,N:\geodbCUU_ws\002 Hidrografía\gdbwork\gdbn\Polylines_4.shp,Base,-1,-1,N:\geodbCUU_ws\002 Hidrografía\gdbwork\gdbn\Polylines_3.shp,Base,-1,-1,N:\geodbCUU_ws\002 Hidrografía\gdbwork\gdbn\Polylines_2.shp,Base,-1,-1,N:\geodbCUU_ws\002 Hidrografía\gdbwork\gdbn\Polylines_12.shp,Base,-1,-1,N:\geodbCUU_ws\002 Hidrografía\gdbwork\gdbn\Polylines_11.shp,Base,-1,-1,N:\geodbCUU_ws\002 Hidrografía\gdbwork\gdbn\Polylines_9.shp,Base,-1,-1,N:\geodbCUU_ws\002 Hidrografía\gdbwork\gdbn\Polylines_10.shp,Base,-1,-1,N:\geodbCUU_ws\002 Hidrografía\gdbwork\gdbn\Polylines_8.shp,Base,-1,-1,N:\geodbCUU_ws\002 Hidrografía\gdbwork\gdbn\Polylines_1.shp,Base,-1,-1,N:\geodbCUU_ws\002 Hidrografía\gdbwork\gdbn\Polylines_7.shp,Base,-1,-1,N:\geodbCUU_ws\002 Hidrografía\gdbwork\gdbn\Polylines.shp,Base,-1,-1,N:\geodbCUU_ws\002 Hidrografía\gdbwork\gdbn\Polylines_6.shp,Base,-1,-1;Clamped "Clamped" true true false 5 Long 0 5 ,First,#,N:\geodbCUU_ws\002 Hidrografía\gdbwork\gdbn\Polylines_5.shp,Clamped,-1,-1,N:\geodbCUU_ws\002 Hidrografía\gdbwork\gdbn\Polylines_4.shp,Clamped,-1,-1,N:\geodbCUU_ws\002 Hidrografía\gdbwork\gdbn\Polylines_3.shp,Clamped,-1,-1,N:\geodbCUU_ws\002 Hidrografía\gdbwork\gdbn\Polylines_2.shp,Clamped,-1,-1,N:\geodbCUU_ws\002 Hidrografía\gdbwork\gdbn\Polylines_12.shp,Clamped,-1,-1,N:\geodbCUU_ws\002 Hidrografía\gdbwork\gdbn\Polylines_11.shp,Clamped,-1,-1,N:\geodbCUU_ws\002 Hidrografía\gdbwork\gdbn\Polylines_9.shp,Clamped,-1,-1,N:\geodbCUU_ws\002 Hidrografía\gdbwork\gdbn\Polylines_10.shp,Clamped,-1,-1,N:\geodbCUU_ws\002 Hidrografía\gdbwork\gdbn\Polylines_8.shp,Clamped,-1,-1,N:\geodbCUU_ws\002 Hidrografía\gdbwork\gdbn\Polylines_1.shp,Clamped,-1,-1,N:\geodbCUU_ws\002 Hidrografía\gdbwork\gdbn\Polylines_7.shp,Clamped,-1,-1,N:\geodbCUU_ws\002 Hidrografía\gdbwork\gdbn\Polylines.shp,Clamped,-1,-1,N:\geodbCUU_ws\002 Hidrografía\gdbwork\gdbn\Polylines_6.shp,Clamped,-1,-1;Extruded "Extruded" true true false 5 Long 0 5 ,First,#,N:\geodbCUU_ws\002 Hidrografía\gdbwork\gdbn\Polylines_5.shp,Extruded,-1,-1,N:\geodbCUU_ws\002 Hidrografía\gdbwork\gdbn\Polylines_4.shp,Extruded,-1,-1,N:\geodbCUU_ws\002 Hidrografía\gdbwork\gdbn\Polylines_3.shp,Extruded,-1,-1,N:\geodbCUU_ws\002 Hidrografía\gdbwork\gdbn\Polylines_2.shp,Extruded,-1,-1,N:\geodbCUU_ws\002 Hidrografía\gdbwork\gdbn\Polylines_12.shp,Extruded,-1,-1,N:\geodbCUU_ws\002 Hidrografía\gdbwork\gdbn\Polylines_11.shp,Extruded,-1,-1,N:\geodbCUU_ws\002 Hidrografía\gdbwork\gdbn\Polylines_9.shp,Extruded,-1,-1,N:\geodbCUU_ws\002 Hidrografía\gdbwork\gdbn\Polylines_10.shp,Extruded,-1,-1,N:\geodbCUU_ws\002 Hidrografía\gdbwork\gdbn\Polylines_8.shp,Extruded,-1,-1,N:\geodbCUU_ws\002 Hidrografía\gdbwork\gdbn\Polylines_1.shp,Extruded,-1,-1,N:\geodbCUU_ws\002 Hidrografía\gdbwork\gdbn\Polylines_7.shp,Extruded,-1,-1,N:\geodbCUU_ws\002 Hidrografía\gdbwork\gdbn\Polylines.shp,Extruded,-1,-1,N:\geodbCUU_ws\002 Hidrografía\gdbwork\gdbn\Polylines_6.shp,Extruded,-1,-1;Snippet "Snippet" true true false 254 Text 0 0 ,First,#,N:\geodbCUU_ws\002 Hidrografía\gdbwork\gdbn\Polylines_5.shp,Snippet,-1,-1,N:\geodbCUU_ws\002 Hidrografía\gdbwork\gdbn\Polylines_4.shp,Snippet,-1,-1,N:\geodbCUU_ws\002 Hidrografía\gdbwork\gdbn\Polylines_3.shp,Snippet,-1,-1,N:\geodbCUU_ws\002 Hidrografía\gdbwork\gdbn\Polylines_2.shp,Snippet,-1,-1,N:\geodbCUU_ws\002 Hidrografía\gdbwork\gdbn\Polylines_12.shp,Snippet,-1,-1,N:\geodbCUU_ws\002 Hidrografía\gdbwork\gdbn\Polylines_11.shp,Snippet,-1,-1,N:\geodbCUU_ws\002 Hidrografía\gdbwork\gdbn\Polylines_9.shp,Snippet,-1,-1,N:\geodbCUU_ws\002 Hidrografía\gdbwork\gdbn\Polylines_10.shp,Snippet,-1,-1,N:\geodbCUU_ws\002 Hidrografía\gdbwork\gdbn\Polylines_8.shp,Snippet,-1,-1,N:\geodbCUU_ws\002 Hidrografía\gdbwork\gdbn\Polylines_1.shp,Snippet,-1,-1,N:\geodbCUU_ws\002 Hidrografía\gdbwork\gdbn\Polylines_7.shp,Snippet,-1,-1,N:\geodbCUU_ws\002 Hidrografía\gdbwork\gdbn\Polylines.shp,Snippet,-1,-1,N:\geodbCUU_ws\002 Hidrografía\gdbwork\gdbn\Polylines_6.shp,Snippet,-1,-1;PopupInfo "PopupInfo" true true false 254 Text 0 0 ,First,#,N:\geodbCUU_ws\002 Hidrografía\gdbwork\gdbn\Polylines_5.shp,PopupInfo,-1,-1,N:\geodbCUU_ws\002 Hidrografía\gdbwork\gdbn\Polylines_4.shp,PopupInfo,-1,-1,N:\geodbCUU_ws\002 Hidrografía\gdbwork\gdbn\Polylines_3.shp,PopupInfo,-1,-1,N:\geodbCUU_ws\002 Hidrografía\gdbwork\gdbn\Polylines_2.shp,PopupInfo,-1,-1,N:\geodbCUU_ws\002 Hidrografía\gdbwork\gdbn\Polylines_12.shp,PopupInfo,-1,-1,N:\geodbCUU_ws\002 Hidrografía\gdbwork\gdbn\Polylines_11.shp,PopupInfo,-1,-1,N:\geodbCUU_ws\002 Hidrografía\gdbwork\gdbn\Polylines_9.shp,PopupInfo,-1,-1,N:\geodbCUU_ws\002 Hidrografía\gdbwork\gdbn\Polylines_10.shp,PopupInfo,-1,-1,N:\geodbCUU_ws\002 Hidrografía\gdbwork\gdbn\Polylines_8.shp,PopupInfo,-1,-1,N:\geodbCUU_ws\002 Hidrografía\gdbwork\gdbn\Polylines_1.shp,PopupInfo,-1,-1,N:\geodbCUU_ws\002 Hidrografía\gdbwork\gdbn\Polylines_7.shp,PopupInfo,-1,-1,N:\geodbCUU_ws\002 Hidrografía\gdbwork\gdbn\Polylines.shp,PopupInfo,-1,-1,N:\geodbCUU_ws\002 Hidrografía\gdbwork\gdbn\Polylines_6.shp,PopupInfo,-1,-1;Shape_Leng "Shape_Leng" true true false 19 Double 0 0 ,First,#,N:\geodbCUU_ws\002 Hidrografía\gdbwork\gdbn\Polylines_5.shp,Shape_Leng,-1,-1,N:\geodbCUU_ws\002 Hidrografía\gdbwork\gdbn\Polylines_4.shp,Shape_Leng,-1,-1,N:\geodbCUU_ws\002 Hidrografía\gdbwork\gdbn\Polylines_3.shp,Shape_Leng,-1,-1,N:\geodbCUU_ws\002 Hidrografía\gdbwork\gdbn\Polylines_2.shp,Shape_Leng,-1,-1,N:\geodbCUU_ws\002 Hidrografía\gdbwork\gdbn\Polylines_12.shp,Shape_Leng,-1,-1,N:\geodbCUU_ws\002 Hidrografía\gdbwork\gdbn\Polylines_11.shp,Shape_Leng,-1,-1,N:\geodbCUU_ws\002 Hidrografía\gdbwork\gdbn\Polylines_9.shp,Shape_Leng,-1,-1,N:\geodbCUU_ws\002 Hidrografía\gdbwork\gdbn\Polylines_10.shp,Shape_Leng,-1,-1,N:\geodbCUU_ws\002 Hidrografía\gdbwork\gdbn\Polylines_8.shp,Shape_Leng,-1,-1,N:\geodbCUU_ws\002 Hidrografía\gdbwork\gdbn\Polylines_1.shp,Shape_Leng,-1,-1,N:\geodbCUU_ws\002 Hidrografía\gdbwork\gdbn\Polylines_7.shp,Shape_Leng,-1,-1,N:\geodbCUU_ws\002 Hidrografía\gdbwork\gdbn\Polylines.shp,Shape_Leng,-1,-1,N:\geodbCUU_ws\002 Hidrografía\gdbwork\gdbn\Polylines_6.shp,Shape_Leng,-1,-1"</Process><Process ToolSource="c:\program files (x86)\arcgis\desktop10.8\ArcToolbox\Toolboxes\Data Management Tools.tbx\CalculateField" Date="20220210" Time="152330">CalculateField Causes_Zonas_Federales Name "Rìo Sacramento" VB #</Process><Process ToolSource="c:\program files (x86)\arcgis\desktop10.8\ArcToolbox\Toolboxes\Data Management Tools.tbx\FeatureToPolygon" Date="20220214" Time="135333">FeatureToPolygon 'N:\geodbCUU_ws\002 Hidrografía\gdbwork\cauces_y_zonas_federales.gdb\Causes_Zonas_Federales' "N:\geodbCUU_ws\002 Hidrografía\gdbwork\cauces_y_zonas_federales.gdb\cauces_y_zonas_federales\cauces_y_zonas_federales" "0.3 Meters" ATTRIBUTES #</Process><Process ToolSource="c:\program files (x86)\arcgis\desktop10.8\ArcToolbox\Toolboxes\Data Management Tools.tbx\CalculateField" Date="20220303" Time="125851">CalculateField cauces_y_zonas_federales Superficie_de_margen " [Shape_Area]" VB #</Process><Process ToolSource="c:\program files (x86)\arcgis\desktop10.8\ArcToolbox\Toolboxes\Data Management Tools.tbx\CalculateField" Date="20220303" Time="130730">CalculateField cauces_y_zonas_federales Superficie [Shape_Area] VB #</Process><Process ToolSource="c:\program files (x86)\arcgis\desktop10.8\ArcToolbox\Toolboxes\Data Management Tools.tbx\CalculateField" Date="20220303" Time="134315">CalculateField cauces_y_zonas_federales gasto_diseño 39.4 VB #</Process><Process ToolSource="c:\program files (x86)\arcgis\desktop10.8\ArcToolbox\Toolboxes\Data Management Tools.tbx\CalculateField" Date="20220303" Time="134523">CalculateField cauces_y_zonas_federales tramo "6+350.00 al 9+750.00" VB #</Process><Process ToolSource="c:\program files (x86)\arcgis\desktop10.8\ArcToolbox\Toolboxes\Data Management Tools.tbx\CalculateField" Date="20220303" Time="135939">CalculateField cauces_y_zonas_federales tramo "6+350.00 al 9+750.00" VB #</Process><Process ToolSource="c:\program files (x86)\arcgis\desktop10.8\ArcToolbox\Toolboxes\Data Management Tools.tbx\CalculateField" Date="20220303" Time="140000">CalculateField cauces_y_zonas_federales tramo "0+000.00 al 6+350.00" VB #</Process><Process ToolSource="c:\program files (x86)\arcgis\desktop10.8\ArcToolbox\Toolboxes\Data Management Tools.tbx\CalculateField" Date="20220303" Time="140014">CalculateField cauces_y_zonas_federales gasto_diseño 41.9
 VB #</Process><Process ToolSource="c:\program files (x86)\arcgis\desktop10.8\ArcToolbox\Toolboxes\Data Management Tools.tbx\CalculateField" Date="20220303" Time="140352">CalculateField cauces_y_zonas_federales tramo "2+350.00 al 4+700.00" VB #</Process><Process ToolSource="c:\program files (x86)\arcgis\desktop10.8\ArcToolbox\Toolboxes\Data Management Tools.tbx\CalculateField" Date="20220303" Time="140402">CalculateField cauces_y_zonas_federales gasto_diseño 22.5 VB #</Process><Process ToolSource="c:\program files (x86)\arcgis\desktop10.8\ArcToolbox\Toolboxes\Data Management Tools.tbx\CalculateField" Date="20220303" Time="140449">CalculateField cauces_y_zonas_federales tramo "4+700.00 al 6+450.00" VB #</Process><Process ToolSource="c:\program files (x86)\arcgis\desktop10.8\ArcToolbox\Toolboxes\Data Management Tools.tbx\CalculateField" Date="20220303" Time="140458">CalculateField cauces_y_zonas_federales gasto_diseño 19.6 VB #</Process><Process ToolSource="c:\program files (x86)\arcgis\desktop10.8\ArcToolbox\Toolboxes\Data Management Tools.tbx\CalculateField" Date="20220303" Time="140529">CalculateField cauces_y_zonas_federales tramo "6+450.00 al 8+297.21" VB #</Process><Process ToolSource="c:\program files (x86)\arcgis\desktop10.8\ArcToolbox\Toolboxes\Data Management Tools.tbx\CalculateField" Date="20220303" Time="140545">CalculateField cauces_y_zonas_federales gasto_diseño 11.6 VB #</Process><Process ToolSource="c:\program files (x86)\arcgis\desktop10.8\ArcToolbox\Toolboxes\Data Management Tools.tbx\CalculateField" Date="20220303" Time="140928">CalculateField cauces_y_zonas_federales tramo "0-022.41 al 3+050.00" VB #</Process><Process ToolSource="c:\program files (x86)\arcgis\desktop10.8\ArcToolbox\Toolboxes\Data Management Tools.tbx\CalculateField" Date="20220303" Time="140939">CalculateField cauces_y_zonas_federales gasto_diseño 27 VB #</Process><Process ToolSource="c:\program files (x86)\arcgis\desktop10.8\ArcToolbox\Toolboxes\Data Management Tools.tbx\CalculateField" Date="20220303" Time="141013">CalculateField cauces_y_zonas_federales tramo "3+050.00 al 6+950.00" VB #</Process><Process ToolSource="c:\program files (x86)\arcgis\desktop10.8\ArcToolbox\Toolboxes\Data Management Tools.tbx\CalculateField" Date="20220303" Time="141022">CalculateField cauces_y_zonas_federales gasto_diseño 15.1 VB #</Process><Process ToolSource="c:\program files (x86)\arcgis\desktop10.8\ArcToolbox\Toolboxes\Data Management Tools.tbx\CalculateField" Date="20220303" Time="141214">CalculateField cauces_y_zonas_federales tramo "0-036.90 al 1+800.00" VB #</Process><Process ToolSource="c:\program files (x86)\arcgis\desktop10.8\ArcToolbox\Toolboxes\Data Management Tools.tbx\CalculateField" Date="20220303" Time="141300">CalculateField cauces_y_zonas_federales gasto_diseño "1+800.00 al 3+584.31" VB #</Process><Process ToolSource="c:\program files (x86)\arcgis\desktop10.8\ArcToolbox\Toolboxes\Data Management Tools.tbx\CalculateField" Date="20220303" Time="141320">CalculateField cauces_y_zonas_federales gasto_diseño 11.6 VB #</Process><Process ToolSource="c:\program files (x86)\arcgis\desktop10.8\ArcToolbox\Toolboxes\Data Management Tools.tbx\CalculateField" Date="20220303" Time="141350">CalculateField cauces_y_zonas_federales tramo "1+800.00 al 3+584.31" VB #</Process><Process ToolSource="c:\program files (x86)\arcgis\desktop10.8\ArcToolbox\Toolboxes\Data Management Tools.tbx\CalculateField" Date="20220303" Time="141359">CalculateField cauces_y_zonas_federales gasto_diseño 10.3 VB #</Process><Process ToolSource="c:\program files (x86)\arcgis\desktop10.8\ArcToolbox\Toolboxes\Data Management Tools.tbx\CalculateField" Date="20220303" Time="141545">CalculateField cauces_y_zonas_federales tramo "0+018.30 al 0+200.00" VB #</Process><Process ToolSource="c:\program files (x86)\arcgis\desktop10.8\ArcToolbox\Toolboxes\Data Management Tools.tbx\CalculateField" Date="20220303" Time="141555">CalculateField cauces_y_zonas_federales gasto_diseño 23.5 VB #</Process><Process ToolSource="c:\program files (x86)\arcgis\desktop10.8\ArcToolbox\Toolboxes\Data Management Tools.tbx\CalculateField" Date="20220303" Time="141620">CalculateField cauces_y_zonas_federales tramo "0+200.00 al 7+450.00" VB #</Process><Process ToolSource="c:\program files (x86)\arcgis\desktop10.8\ArcToolbox\Toolboxes\Data Management Tools.tbx\CalculateField" Date="20220303" Time="141630">CalculateField cauces_y_zonas_federales gasto_diseño 17.8 VB #</Process><Process ToolSource="c:\program files (x86)\arcgis\desktop10.8\ArcToolbox\Toolboxes\Data Management Tools.tbx\CalculateField" Date="20220303" Time="141744">CalculateField cauces_y_zonas_federales tramo "0-070.74 al 0+900.00" VB #</Process><Process ToolSource="c:\program files (x86)\arcgis\desktop10.8\ArcToolbox\Toolboxes\Data Management Tools.tbx\CalculateField" Date="20220303" Time="141757">CalculateField cauces_y_zonas_federales gasto_diseño 29.7 VB #</Process><Process ToolSource="c:\program files (x86)\arcgis\desktop10.8\ArcToolbox\Toolboxes\Data Management Tools.tbx\CalculateField" Date="20220303" Time="141828">CalculateField cauces_y_zonas_federales tramo "0+900.00 al 2+000.00" VB #</Process><Process ToolSource="c:\program files (x86)\arcgis\desktop10.8\ArcToolbox\Toolboxes\Data Management Tools.tbx\CalculateField" Date="20220303" Time="141842">CalculateField cauces_y_zonas_federales gasto_diseño 24.1 VB #</Process><Process ToolSource="c:\program files (x86)\arcgis\desktop10.8\ArcToolbox\Toolboxes\Data Management Tools.tbx\CalculateField" Date="20220303" Time="141909">CalculateField cauces_y_zonas_federales tramo "2+000.00 al 3+120.04" VB #</Process><Process ToolSource="c:\program files (x86)\arcgis\desktop10.8\ArcToolbox\Toolboxes\Data Management Tools.tbx\CalculateField" Date="20220303" Time="141941">CalculateField cauces_y_zonas_federales gasto_diseño 18.9 VB #</Process><Process ToolSource="c:\program files (x86)\arcgis\desktop10.8\ArcToolbox\Toolboxes\Data Management Tools.tbx\CalculateField" Date="20220303" Time="142037">CalculateField cauces_y_zonas_federales tramo "3+120.04 al 6+350.00" VB #</Process><Process ToolSource="c:\program files (x86)\arcgis\desktop10.8\ArcToolbox\Toolboxes\Data Management Tools.tbx\CalculateField" Date="20220303" Time="142057">CalculateField cauces_y_zonas_federales gasto_diseño 10.8 VB #</Process><Process ToolSource="c:\program files (x86)\arcgis\desktop10.8\ArcToolbox\Toolboxes\Data Management Tools.tbx\CalculateField" Date="20220303" Time="155818">CalculateField cauces_y_zonas_federales tramo "6+350.00 al 7+411.08" VB #</Process><Process ToolSource="c:\program files (x86)\arcgis\desktop10.8\ArcToolbox\Toolboxes\Data Management Tools.tbx\CalculateField" Date="20220303" Time="155830">CalculateField cauces_y_zonas_federales gasto_diseño 9.2 VB #</Process><Process ToolSource="c:\program files (x86)\arcgis\desktop10.8\ArcToolbox\Toolboxes\Data Management Tools.tbx\CalculateField" Date="20220303" Time="155945">CalculateField cauces_y_zonas_federales tramo "0+016.00 al 1+300.00" VB #</Process><Process ToolSource="c:\program files (x86)\arcgis\desktop10.8\ArcToolbox\Toolboxes\Data Management Tools.tbx\CalculateField" Date="20220303" Time="155957">CalculateField cauces_y_zonas_federales gasto_diseño 8.7 VB #</Process><Process ToolSource="c:\program files (x86)\arcgis\desktop10.8\ArcToolbox\Toolboxes\Data Management Tools.tbx\CalculateField" Date="20220303" Time="160022">CalculateField cauces_y_zonas_federales tramo "1+300.00 al 3+626.27" VB #</Process><Process ToolSource="c:\program files (x86)\arcgis\desktop10.8\ArcToolbox\Toolboxes\Data Management Tools.tbx\CalculateField" Date="20220303" Time="160031">CalculateField cauces_y_zonas_federales gasto_diseño 6.3 VB #</Process><Process ToolSource="c:\program files (x86)\arcgis\desktop10.8\ArcToolbox\Toolboxes\Data Management Tools.tbx\CalculateField" Date="20220303" Time="160121">CalculateField cauces_y_zonas_federales tramo "0+000.00 al 7+000.00" VB #</Process><Process ToolSource="c:\program files (x86)\arcgis\desktop10.8\ArcToolbox\Toolboxes\Data Management Tools.tbx\CalculateField" Date="20220303" Time="160132">CalculateField cauces_y_zonas_federales gasto_diseño 61.7 VB #</Process><Process ToolSource="c:\program files (x86)\arcgis\desktop10.8\ArcToolbox\Toolboxes\Data Management Tools.tbx\CalculateField" Date="20220303" Time="160154">CalculateField cauces_y_zonas_federales tramo "7+000.00 al 10+923.01" VB #</Process><Process ToolSource="c:\program files (x86)\arcgis\desktop10.8\ArcToolbox\Toolboxes\Data Management Tools.tbx\CalculateField" Date="20220303" Time="160204">CalculateField cauces_y_zonas_federales gasto_diseño 31.7 VB #</Process><Process ToolSource="c:\program files (x86)\arcgis\desktop10.8\ArcToolbox\Toolboxes\Data Management Tools.tbx\CalculateField" Date="20220303" Time="160308">CalculateField cauces_y_zonas_federales tramo "0+000 al 6+550" VB #</Process><Process ToolSource="c:\program files (x86)\arcgis\desktop10.8\ArcToolbox\Toolboxes\Data Management Tools.tbx\CalculateField" Date="20220303" Time="160320">CalculateField cauces_y_zonas_federales gasto_diseño 103 VB #</Process><Process ToolSource="c:\program files (x86)\arcgis\desktop10.8\ArcToolbox\Toolboxes\Data Management Tools.tbx\CalculateField" Date="20220303" Time="160447">CalculateField cauces_y_zonas_federales tramo "0+000 al 5+300" VB #</Process><Process ToolSource="c:\program files (x86)\arcgis\desktop10.8\ArcToolbox\Toolboxes\Data Management Tools.tbx\CalculateField" Date="20220303" Time="160457">CalculateField cauces_y_zonas_federales gasto_diseño 763.7 VB #</Process><Process ToolSource="c:\program files (x86)\arcgis\desktop10.8\ArcToolbox\Toolboxes\Data Management Tools.tbx\CalculateField" Date="20220303" Time="160520">CalculateField cauces_y_zonas_federales tramo "5+300 al 16+087.95" VB #</Process><Process ToolSource="c:\program files (x86)\arcgis\desktop10.8\ArcToolbox\Toolboxes\Data Management Tools.tbx\CalculateField" Date="20220303" Time="160530">CalculateField cauces_y_zonas_federales gasto_diseño 762.6 VB #</Process><Process ToolSource="c:\program files (x86)\arcgis\desktop10.8\ArcToolbox\Toolboxes\Data Management Tools.tbx\CalculateField" Date="20220303" Time="160555">CalculateField cauces_y_zonas_federales tramo "16+087.95 al 27+700" VB #</Process><Process ToolSource="c:\program files (x86)\arcgis\desktop10.8\ArcToolbox\Toolboxes\Data Management Tools.tbx\CalculateField" Date="20220303" Time="160607">CalculateField cauces_y_zonas_federales gasto_diseño 683.97 VB #</Process><Process ToolSource="c:\program files (x86)\arcgis\desktop10.8\ArcToolbox\Toolboxes\Data Management Tools.tbx\CalculateField" Date="20220303" Time="160745">CalculateField cauces_y_zonas_federales tramo "0+000 al 30+300.00" VB #</Process><Process ToolSource="c:\program files (x86)\arcgis\desktop10.8\ArcToolbox\Toolboxes\Data Management Tools.tbx\CalculateField" Date="20220303" Time="160756">CalculateField cauces_y_zonas_federales gasto_diseño 429.60 VB #</Process><Process ToolSource="c:\program files (x86)\arcgis\desktop10.8\ArcToolbox\Toolboxes\Data Management Tools.tbx\CalculateField" Date="20220304" Time="100927">CalculateField cauces_y_zonas_federales carta_inegi "H13C56 - H13C66" VB #</Process><Process ToolSource="c:\program files (x86)\arcgis\desktop10.8\ArcToolbox\Toolboxes\Data Management Tools.tbx\CalculateField" Date="20220304" Time="101028">CalculateField cauces_y_zonas_federales carta_inegi " H13C66" VB #</Process><Process ToolSource="c:\program files (x86)\arcgis\desktop10.8\ArcToolbox\Toolboxes\Data Management Tools.tbx\CalculateField" Date="20220304" Time="101126">CalculateField cauces_y_zonas_federales carta_inegi " H13C66" VB #</Process><Process ToolSource="c:\program files (x86)\arcgis\desktop10.8\ArcToolbox\Toolboxes\Data Management Tools.tbx\CalculateField" Date="20220304" Time="101211">CalculateField cauces_y_zonas_federales carta_inegi " H13C66" VB #</Process><Process ToolSource="c:\program files (x86)\arcgis\desktop10.8\ArcToolbox\Toolboxes\Data Management Tools.tbx\CalculateField" Date="20220304" Time="101229">CalculateField cauces_y_zonas_federales carta_inegi " H13C66" VB #</Process><Process ToolSource="c:\program files (x86)\arcgis\desktop10.8\ArcToolbox\Toolboxes\Data Management Tools.tbx\CalculateField" Date="20220304" Time="101303">CalculateField cauces_y_zonas_federales carta_inegi " H13C66" VB #</Process><Process ToolSource="c:\program files (x86)\arcgis\desktop10.8\ArcToolbox\Toolboxes\Data Management Tools.tbx\CalculateField" Date="20220304" Time="101329">CalculateField cauces_y_zonas_federales carta_inegi " H13C66" VB #</Process><Process ToolSource="c:\program files (x86)\arcgis\desktop10.8\ArcToolbox\Toolboxes\Data Management Tools.tbx\CalculateField" Date="20220304" Time="101954">CalculateField cauces_y_zonas_federales carta_inegi " H13C57" VB #</Process><Process ToolSource="c:\program files (x86)\arcgis\desktop10.8\ArcToolbox\Toolboxes\Data Management Tools.tbx\CalculateField" Date="20220304" Time="102014">CalculateField cauces_y_zonas_federales carta_inegi " H13C57 - H13C67" VB #</Process><Process ToolSource="c:\program files (x86)\arcgis\desktop10.8\ArcToolbox\Toolboxes\Data Management Tools.tbx\CalculateField" Date="20220304" Time="102440">CalculateField cauces_y_zonas_federales carta_inegi " H13C67 - H13C66" VB #</Process><Process ToolSource="c:\program files (x86)\arcgis\desktop10.8\ArcToolbox\Toolboxes\Data Management Tools.tbx\CalculateField" Date="20220304" Time="102528">CalculateField cauces_y_zonas_federales carta_inegi " H13C66" VB #</Process><Process ToolSource="c:\program files (x86)\arcgis\desktop10.8\ArcToolbox\Toolboxes\Data Management Tools.tbx\CalculateField" Date="20220304" Time="102619">CalculateField cauces_y_zonas_federales carta_inegi " H13C66" VB #</Process><Process ToolSource="c:\program files (x86)\arcgis\desktop10.8\ArcToolbox\Toolboxes\Data Management Tools.tbx\CalculateField" Date="20220304" Time="102713">CalculateField cauces_y_zonas_federales carta_inegi " H13C66" VB #</Process><Process ToolSource="c:\program files (x86)\arcgis\desktop10.8\ArcToolbox\Toolboxes\Data Management Tools.tbx\CalculateField" Date="20220304" Time="102823">CalculateField cauces_y_zonas_federales carta_inegi " H13C66" VB #</Process><Process ToolSource="c:\program files (x86)\arcgis\desktop10.8\ArcToolbox\Toolboxes\Data Management Tools.tbx\CalculateField" Date="20220304" Time="114934">CalculateField cauces_y_zonas_federales objeto Presa VB #</Process><Process ToolSource="c:\program files (x86)\arcgis\desktop10.8\ArcToolbox\Toolboxes\Data Management Tools.tbx\CalculateField" Date="20220304" Time="114953">CalculateField cauces_y_zonas_federales objeto "Presa" VB #</Process><Process ToolSource="c:\program files (x86)\arcgis\desktop10.8\ArcToolbox\Toolboxes\Data Management Tools.tbx\CalculateField" Date="20220304" Time="115001">CalculateField cauces_y_zonas_federales objeto "Presa" VB #</Process><Process ToolSource="c:\program files (x86)\arcgis\desktop10.8\ArcToolbox\Toolboxes\Data Management Tools.tbx\CalculateField" Date="20220304" Time="115009">CalculateField cauces_y_zonas_federales objeto "Presa" VB #</Process><Process ToolSource="c:\program files (x86)\arcgis\desktop10.8\ArcToolbox\Toolboxes\Data Management Tools.tbx\CalculateField" Date="20220304" Time="115028">CalculateField cauces_y_zonas_federales objeto "Corriente de agua" VB #</Process><Process ToolSource="c:\program files (x86)\arcgis\desktop10.8\ArcToolbox\Toolboxes\Data Management Tools.tbx\CalculateField" Date="20220304" Time="115047">CalculateField cauces_y_zonas_federales objeto "Corriente de agua" VB #</Process><Process ToolSource="c:\program files (x86)\arcgis\desktop10.8\ArcToolbox\Toolboxes\Data Management Tools.tbx\CalculateField" Date="20220304" Time="151305">CalculateField cauces_y_zonas_federales F555 [tramo] VB #</Process><Process ToolSource="c:\program files (x86)\arcgis\desktop10.8\ArcToolbox\Toolboxes\Data Management Tools.tbx\CalculateField" Date="20220304" Time="151427">CalculateField cauces_y_zonas_federales tramo [F555] VB #</Process><Process ToolSource="c:\program files (x86)\arcgis\desktop10.8\ArcToolbox\Toolboxes\Data Management Tools.tbx\CalculateField" Date="20220304" Time="151533">CalculateField cauces_y_zonas_federales F5555 [gasto_diseño] VB #</Process><Process ToolSource="c:\program files (x86)\arcgis\desktop10.8\ArcToolbox\Toolboxes\Data Management Tools.tbx\CalculateField" Date="20220304" Time="151645">CalculateField cauces_y_zonas_federales gasto_diseño [F5555] VB #</Process><Process ToolSource="c:\program files (x86)\arcgis\desktop10.8\ArcToolbox\Toolboxes\Data Management Tools.tbx\CalculateField" Date="20220304" Time="153702">CalculateField cauces_y_zonas_federales cve_ent "08" VB #</Process><Process ToolSource="c:\program files (x86)\arcgis\desktop10.8\ArcToolbox\Toolboxes\Data Management Tools.tbx\CalculateField" Date="20220304" Time="153754">CalculateField cauces_y_zonas_federales cve_mun "019" VB #</Process><Process ToolSource="c:\program files (x86)\arcgis\desktop10.8\ArcToolbox\Toolboxes\Data Management Tools.tbx\CalculateField" Date="20220304" Time="153802">CalculateField cauces_y_zonas_federales cve_loc "0001" VB #</Process><Process ToolSource="c:\program files (x86)\arcgis\desktop10.8\ArcToolbox\Toolboxes\Data Management Tools.tbx\CalculateField" Date="20220304" Time="155109">CalculateField cauces_y_zonas_federales cal_pos "01" VB #</Process><Process ToolSource="c:\program files (x86)\arcgis\desktop10.8\ArcToolbox\Toolboxes\Data Management Tools.tbx\CalculateField" Date="20220307" Time="092016">CalculateField cauces_y_zonas_federales cod_obj_geo "Corriente de agua" VB #</Process><Process ToolSource="c:\program files (x86)\arcgis\desktop10.8\ArcToolbox\Toolboxes\Data Management Tools.tbx\CalculateField" Date="20220307" Time="092117">CalculateField cauces_y_zonas_federales obj_geo "Corriente de agua" VB #</Process><Process ToolSource="c:\program files (x86)\arcgis\desktop10.8\ArcToolbox\Toolboxes\Data Management Tools.tbx\CalculateField" Date="20220307" Time="092210">CalculateField cauces_y_zonas_federales cod_obj_geo "002.001.002" VB #</Process><Process ToolSource="c:\program files (x86)\arcgis\desktop10.8\ArcToolbox\Toolboxes\Data Management Tools.tbx\CalculateField" Date="20220307" Time="092242">CalculateField cauces_y_zonas_federales cod_obj_geo "002001002" VB #</Process><Process ToolSource="c:\program files (x86)\arcgis\desktop10.8\ArcToolbox\Toolboxes\Data Management Tools.tbx\CalculateField" Date="20220307" Time="112321">CalculateField cauces_y_zonas_federales zonif_prim "AU_CUU" VB #</Process><Process ToolSource="c:\program files (x86)\arcgis\desktop10.8\ArcToolbox\Toolboxes\Data Management Tools.tbx\CalculateField" Date="20220307" Time="112351">CalculateField cauces_y_zonas_federales zonif_prim "Area Urbana de la Cd. de Chihuahua" VB #</Process><Process ToolSource="c:\program files (x86)\arcgis\desktop10.8\ArcToolbox\Toolboxes\Data Management Tools.tbx\CalculateField" Date="20220307" Time="112428">CalculateField cauces_y_zonas_federales zonif_prim "AU_CUU" VB #</Process><Process ToolSource="c:\program files (x86)\arcgis\desktop10.8\ArcToolbox\Toolboxes\Data Management Tools.tbx\CalculateField" Date="20220307" Time="114058">CalculateField cauces_y_zonas_federales jrsdccn "IN_CPCUU" VB #</Process><Process ToolSource="c:\program files (x86)\arcgis\desktop10.8\ArcToolbox\Toolboxes\Data Management Tools.tbx\CalculateField" Date="20220307" Time="114456">CalculateField cauces_y_zonas_federales jrsdccn "IN_CPCUU" VB #</Process><Process ToolSource="c:\program files (x86)\arcgis\desktop10.8\ArcToolbox\Toolboxes\Data Management Tools.tbx\CalculateField" Date="20220307" Time="115812">CalculateField cauces_y_zonas_federales zonif_prim "AU_CUU" VB #</Process><Process ToolSource="c:\program files (x86)\arcgis\desktop10.8\ArcToolbox\Toolboxes\Data Management Tools.tbx\CalculateField" Date="20220307" Time="120154">CalculateField cauces_y_zonas_federales zonif_prim "&lt;Null&gt;" VB #</Process><Process ToolSource="c:\program files (x86)\arcgis\desktop10.8\ArcToolbox\Toolboxes\Data Management Tools.tbx\CalculateField" Date="20220307" Time="120209">CalculateField cauces_y_zonas_federales jrsdccn "&lt;Null&gt;" VB #</Process><Process ToolSource="c:\program files (x86)\arcgis\desktop10.8\ArcToolbox\Toolboxes\Data Management Tools.tbx\CalculateField" Date="20220307" Time="120404">CalculateField cauces_y_zonas_federales fecha_act "01/05/2007"
 VB #</Process><Process ToolSource="c:\program files (x86)\arcgis\desktop10.8\ArcToolbox\Toolboxes\Data Management Tools.tbx\CalculateField" Date="20220307" Time="120426">CalculateField cauces_y_zonas_federales a_mod "2007"
 VB #</Process><Process ToolSource="c:\program files (x86)\arcgis\desktop10.8\ArcToolbox\Toolboxes\Data Management Tools.tbx\CalculateField" Date="20220307" Time="120754">CalculateField cauces_y_zonas_federales fte_inf "CONAGUA" VB #</Process><Process ToolSource="c:\program files (x86)\arcgis\desktop10.8\ArcToolbox\Toolboxes\Data Management Tools.tbx\CalculateField" Date="20220307" Time="120811">CalculateField cauces_y_zonas_federales institucion "IMPLAN" VB #</Process><Process ToolSource="c:\program files (x86)\arcgis\desktop10.8\ArcToolbox\Toolboxes\Data Management Tools.tbx\CalculateField" Date="20220307" Time="120824">CalculateField cauces_y_zonas_federales institucion "IMPLAN" VB #</Process><Process ToolSource="c:\program files (x86)\arcgis\desktop10.8\ArcToolbox\Toolboxes\Data Management Tools.tbx\CalculateField" Date="20220307" Time="121025">CalculateField cauces_y_zonas_federales fte_inf "CONAGUA" VB #</Process><Process ToolSource="c:\program files (x86)\arcgis\desktop10.8\ArcToolbox\Toolboxes\Data Management Tools.tbx\CalculateField" Date="20220307" Time="121047">CalculateField cauces_y_zonas_federales fecha_act "01/12/2014" VB #</Process><Process ToolSource="c:\program files (x86)\arcgis\desktop10.8\ArcToolbox\Toolboxes\Data Management Tools.tbx\CalculateField" Date="20220307" Time="121111">CalculateField cauces_y_zonas_federales a_mod "2014" VB #</Process><Process ToolSource="c:\program files (x86)\arcgis\desktop10.8\ArcToolbox\Toolboxes\Data Management Tools.tbx\CalculateField" Date="20220307" Time="121455">CalculateField cauces_y_zonas_federales cal_pos "Preciso" VB #</Process><Process ToolSource="c:\program files (x86)\arcgis\desktop10.8\ArcToolbox\Toolboxes\Data Management Tools.tbx\CalculateField" Date="20220307" Time="121518">CalculateField cauces_y_zonas_federales cal_pos "01" VB #</Process><Process ToolSource="c:\program files (x86)\arcgis\desktop10.8\ArcToolbox\Toolboxes\Data Management Tools.tbx\CalculateField" Date="20220307" Time="134250">CalculateField cauces_y_zonas_federales F5 [Nombre] VB #</Process><Process ToolSource="c:\program files (x86)\arcgis\desktop10.8\ArcToolbox\Toolboxes\Data Management Tools.tbx\CalculateField" Date="20220307" Time="134343">CalculateField cauces_y_zonas_federales F5 [Nombre] VB #</Process><Process ToolSource="c:\program files (x86)\arcgis\desktop10.8\ArcToolbox\Toolboxes\Data Management Tools.tbx\CalculateField" Date="20220307" Time="134423">CalculateField cauces_y_zonas_federales F55 [Nombre] VB #</Process><Process ToolSource="c:\program files (x86)\arcgis\desktop10.8\ArcToolbox\Toolboxes\Data Management Tools.tbx\CalculateField" Date="20220307" Time="134534">CalculateField cauces_y_zonas_federales nombre [F55] VB #</Process><Process ToolSource="c:\program files (x86)\arcgis\desktop10.8\ArcToolbox\Toolboxes\Data Management Tools.tbx\CalculateField" Date="20220307" Time="134626">CalculateField cauces_y_zonas_federales tr [tramo] VB #</Process><Process ToolSource="c:\program files (x86)\arcgis\desktop10.8\ArcToolbox\Toolboxes\Data Management Tools.tbx\CalculateField" Date="20220307" Time="134721">CalculateField cauces_y_zonas_federales tramo [tr] VB #</Process><Process ToolSource="c:\program files (x86)\arcgis\desktop10.8\ArcToolbox\Toolboxes\Data Management Tools.tbx\CalculateField" Date="20220307" Time="134841">CalculateField cauces_y_zonas_federales gasto [gasto_diseño] VB #</Process><Process ToolSource="c:\program files (x86)\arcgis\desktop10.8\ArcToolbox\Toolboxes\Data Management Tools.tbx\CalculateField" Date="20220307" Time="135001">CalculateField cauces_y_zonas_federales gasto_diseño [gasto] VB #</Process><Process ToolSource="c:\program files (x86)\arcgis\desktop10.8\ArcToolbox\Toolboxes\Data Management Tools.tbx\CalculateField" Date="20220307" Time="135036">CalculateField cauces_y_zonas_federales gasto_diseño [gasto] VB #</Process><Process ToolSource="c:\program files (x86)\arcgis\desktop10.8\ArcToolbox\Toolboxes\Data Management Tools.tbx\CalculateField" Date="20220309" Time="150313">CalculateField cauces_y_zonas_federales cve_ent "08" VB #</Process><Process ToolSource="c:\program files (x86)\arcgis\desktop10.8\ArcToolbox\Toolboxes\Data Management Tools.tbx\CalculateField" Date="20220309" Time="150442">CalculateField cauces_y_zonas_federales cve_mun "019" VB #</Process><Process ToolSource="c:\program files (x86)\arcgis\desktop10.8\ArcToolbox\Toolboxes\Data Management Tools.tbx\CalculateField" Date="20220309" Time="150524">CalculateField cauces_y_zonas_federales cve_loc "0001" VB #</Process><Process ToolSource="c:\program files (x86)\arcgis\desktop10.8\ArcToolbox\Toolboxes\Data Management Tools.tbx\CalculateField" Date="20220309" Time="150913">CalculateField cauces_y_zonas_federales cc [cal_pos] VB #</Process><Process ToolSource="c:\program files (x86)\arcgis\desktop10.8\ArcToolbox\Toolboxes\Data Management Tools.tbx\CalculateField" Date="20220309" Time="151001">CalculateField cauces_y_zonas_federales cal_pos [cc] VB #</Process><Process ToolSource="c:\program files (x86)\arcgis\desktop10.8\ArcToolbox\Toolboxes\Data Management Tools.tbx\CalculateField" Date="20220309" Time="151106">CalculateField cauces_y_zonas_federales fec "[fecha_act] " VB #</Process><Process ToolSource="c:\program files (x86)\arcgis\desktop10.8\ArcToolbox\Toolboxes\Data Management Tools.tbx\CalculateField" Date="20220309" Time="151144">CalculateField cauces_y_zonas_federales fec "[fecha_act] " VB #</Process><Process ToolSource="c:\program files (x86)\arcgis\desktop10.8\ArcToolbox\Toolboxes\Data Management Tools.tbx\CalculateField" Date="20220309" Time="151155">CalculateField cauces_y_zonas_federales fec [fecha_act] VB #</Process><Process ToolSource="c:\program files (x86)\arcgis\desktop10.8\ArcToolbox\Toolboxes\Data Management Tools.tbx\CalculateField" Date="20220309" Time="151305">CalculateField cauces_y_zonas_federales fecha [fecha_act] VB #</Process><Process ToolSource="c:\program files (x86)\arcgis\desktop10.8\ArcToolbox\Toolboxes\Data Management Tools.tbx\CalculateField" Date="20220309" Time="151327">CalculateField cauces_y_zonas_federales fecha [fecha_act] VB #</Process><Process ToolSource="c:\program files (x86)\arcgis\desktop10.8\ArcToolbox\Toolboxes\Data Management Tools.tbx\CalculateField" Date="20220309" Time="151406">CalculateField cauces_y_zonas_federales fecha "01/12/2014" VB #</Process><Process ToolSource="c:\program files (x86)\arcgis\desktop10.8\ArcToolbox\Toolboxes\Data Management Tools.tbx\CalculateField" Date="20220309" Time="151415">CalculateField cauces_y_zonas_federales fecha "01/12/2014" VB #</Process><Process ToolSource="c:\program files (x86)\arcgis\desktop10.8\ArcToolbox\Toolboxes\Data Management Tools.tbx\CalculateField" Date="20220309" Time="151428">CalculateField cauces_y_zonas_federales fecha "01/12/2014" VB #</Process><Process ToolSource="c:\program files (x86)\arcgis\desktop10.8\ArcToolbox\Toolboxes\Data Management Tools.tbx\CalculateField" Date="20220309" Time="151541">CalculateField cauces_y_zonas_federales fecha [fecha_act] VB #</Process><Process ToolSource="c:\program files (x86)\arcgis\desktop10.8\ArcToolbox\Toolboxes\Data Management Tools.tbx\CalculateField" Date="20220309" Time="151620">CalculateField cauces_y_zonas_federales fecha [a_mod] VB #</Process><Process ToolSource="c:\program files (x86)\arcgis\desktop10.8\ArcToolbox\Toolboxes\Data Management Tools.tbx\CalculateField" Date="20220309" Time="151825">CalculateField cauces_y_zonas_federales fecha_act "01/12/2014" VB #</Process><Process ToolSource="c:\program files (x86)\arcgis\desktop10.8\ArcToolbox\Toolboxes\Data Management Tools.tbx\CalculateField" Date="20220309" Time="151915">CalculateField cauces_y_zonas_federales a_mod "2014" VB #</Process><Process ToolSource="c:\program files (x86)\arcgis\desktop10.8\ArcToolbox\Toolboxes\Data Management Tools.tbx\CalculateField" Date="20220309" Time="152001">CalculateField cauces_y_zonas_federales institucion "IMPLAN" VB #</Process><Process ToolSource="c:\program files (x86)\arcgis\desktop10.8\ArcToolbox\Toolboxes\Data Management Tools.tbx\CalculateField" Date="20220309" Time="152110">CalculateField cauces_y_zonas_federales fte_inf "CONAGUA" VB #</Process><Process ToolSource="c:\program files (x86)\arcgis\desktop10.8\ArcToolbox\Toolboxes\Data Management Tools.tbx\CalculateField" Date="20220309" Time="152213">CalculateField cauces_y_zonas_federales nmbe [nombre] VB #</Process><Process ToolSource="c:\program files (x86)\arcgis\desktop10.8\ArcToolbox\Toolboxes\Data Management Tools.tbx\CalculateField" Date="20220309" Time="152330">CalculateField cauces_y_zonas_federales nombre [nmbe] VB #</Process><Process ToolSource="c:\program files (x86)\arcgis\desktop10.8\ArcToolbox\Toolboxes\Data Management Tools.tbx\CalculateField" Date="20220309" Time="152438">CalculateField cauces_y_zonas_federales cade [tramo] VB #</Process><Process ToolSource="c:\program files (x86)\arcgis\desktop10.8\ArcToolbox\Toolboxes\Data Management Tools.tbx\CalculateField" Date="20220309" Time="152528">CalculateField cauces_y_zonas_federales tramo [cade] VB #</Process><Process ToolSource="c:\program files (x86)\arcgis\desktop10.8\ArcToolbox\Toolboxes\Data Management Tools.tbx\CalculateField" Date="20220309" Time="152831">CalculateField cauces_y_zonas_federales gasto [gasto_diseño] VB #</Process><Process ToolSource="c:\program files (x86)\arcgis\desktop10.8\ArcToolbox\Toolboxes\Data Management Tools.tbx\CalculateField" Date="20220309" Time="152956">CalculateField cauces_y_zonas_federales gasto_diseño [gasto] VB #</Process><Process ToolSource="c:\program files (x86)\arcgis\desktop10.8\ArcToolbox\Toolboxes\Data Management Tools.tbx\CalculateField" Date="20220309" Time="153006">CalculateField cauces_y_zonas_federales gasto_diseño [gasto] VB #</Process><Process ToolSource="c:\program files (x86)\arcgis\desktop10.8\ArcToolbox\Toolboxes\Data Management Tools.tbx\CalculateField" Date="20220309" Time="153038">CalculateField cauces_y_zonas_federales gasto_diseño [gasto] VB #</Process><Process ToolSource="c:\program files (x86)\arcgis\desktop10.8\ArcToolbox\Toolboxes\Data Management Tools.tbx\CalculateField" Date="20220309" Time="153658">CalculateField cauces_y_zonas_federales CdaTCorriente "Arroyo" VB #</Process><Process ToolSource="c:\program files (x86)\arcgis\desktop10.8\ArcToolbox\Toolboxes\Data Management Tools.tbx\CalculateField" Date="20220309" Time="153754">CalculateField cauces_y_zonas_federales CdaTCorriente "Río" VB #</Process></lineage><itemProps><itemName Sync="TRUE">cauces_y_zonas_federales</itemName><imsContentType Sync="TRUE">002</imsContentType><itemLocation><linkage Sync="TRUE">file://\\10.218.108.49\Geomatica\geodbCUU_ws\000 DatosAbiertos\002 Hidrografia\shp\corriente_de_agua\corriente_de_agua</linkage><protocol Sync="TRUE">Local Area Network</protocol></itemLocation></itemProps><coordRef><type Sync="TRUE">Projected</type><geogcsn Sync="TRUE">GCS_ITRF_2008</geogcsn><csUnits Sync="TRUE">Linear Unit: Meter (1.000000)</csUnits><projcsn Sync="TRUE">MEXICO_ITRF_2008_UTM_Zone_13N</projcsn><peXml Sync="TRUE">&lt;ProjectedCoordinateSystem xsi:type='typens:ProjectedCoordinateSystem' xmlns:xsi='http://www.w3.org/2001/XMLSchema-instance' xmlns:xs='http://www.w3.org/2001/XMLSchema' xmlns:typens='http://www.esri.com/schemas/ArcGIS/10.8'&gt;&lt;WKT&gt;PROJCS[&amp;quot;MEXICO_ITRF_2008_UTM_Zone_13N&amp;quot;,GEOGCS[&amp;quot;ITRF_2008&amp;quot;,DATUM[&amp;quot;D_ITRF_2008&amp;quot;,SPHEROID[&amp;quot;GRS_1980&amp;quot;,6378137.0,298.257222101]],PRIMEM[&amp;quot;Greenwich&amp;quot;,0.0],UNIT[&amp;quot;Degree&amp;quot;,0.0174532925199433]],PROJECTION[&amp;quot;Transverse_Mercator&amp;quot;],PARAMETER[&amp;quot;False_Easting&amp;quot;,500000.0],PARAMETER[&amp;quot;False_Northing&amp;quot;,0.0],PARAMETER[&amp;quot;Central_Meridian&amp;quot;,-105.0],PARAMETER[&amp;quot;Scale_Factor&amp;quot;,0.9996],PARAMETER[&amp;quot;Latitude_Of_Origin&amp;quot;,0.0],UNIT[&amp;quot;Meter&amp;quot;,1.0]]&lt;/WKT&gt;&lt;XOrigin&gt;-5120900&lt;/XOrigin&gt;&lt;YOrigin&gt;-9998100&lt;/YOrigin&gt;&lt;XYScale&gt;10000&lt;/XYScale&gt;&lt;ZOrigin&gt;-100000&lt;/ZOrigin&gt;&lt;ZScale&gt;10000&lt;/ZScale&gt;&lt;MOrigin&gt;-100000&lt;/MOrigin&gt;&lt;MScale&gt;10000&lt;/MScale&gt;&lt;XYTolerance&gt;0.001&lt;/XYTolerance&gt;&lt;ZTolerance&gt;0.001&lt;/ZTolerance&gt;&lt;MTolerance&gt;0.001&lt;/MTolerance&gt;&lt;HighPrecision&gt;true&lt;/HighPrecision&gt;&lt;/ProjectedCoordinateSystem&gt;</peXml></coordRef><copyHistory><copy source="N:\geodbCUU_ws\000 DatosAbiertos\002 Hidrografia\shp\corriente_de_agua" dest="\\10.218.108.49\Geomatica\geodbCUU_ws\000 DatosAbiertos\002 Hidrografia\shp\corriente_de_agua\corriente_de_agua" date="20240402" time="15264300"></copy></copyHistory></DataProperties><SyncDate>20220214</SyncDate><SyncTime>13532800</SyncTime><ModDate>20220214</ModDate><ModTime>13532800</ModTime></Esri><dataIdInfo><envirDesc Sync="TRUE"> Version 6.2 (Build 9200) ; Esri ArcGIS 10.8.1.14362</envirDesc><dataLang><languageCode value="spa" Sync="TRUE"></languageCode><countryCode value="MEX" Sync="TRUE"></countryCode></dataLang><idCitation><resTitle Sync="TRUE">cauces_y_zonas_federales</resTitle><presForm><PresFormCd value="005" Sync="TRUE"></PresFormCd></presForm></idCitation><spatRpType><SpatRepTypCd value="001" Sync="TRUE"></SpatRepTypCd></spatRpType></dataIdInfo><mdLang><languageCode value="spa" Sync="TRUE"></languageCode><countryCode value="MEX" Sync="TRUE"></countryCode></mdLang><distInfo><distFormat><formatName Sync="TRUE">File Geodatabase Feature Class</formatName></distFormat></distInfo><mdHrLv><ScopeCd value="005" Sync="TRUE"></ScopeCd></mdHrLv><mdHrLvName Sync="TRUE">dataset</mdHrLvName><refSysInfo><RefSystem><refSysID><identCode code="0" Sync="TRUE"></identCode></refSysID></RefSystem></refSysInfo><spatRepInfo><VectSpatRep><geometObjs Name="cauces_y_zonas_federales"><geoObjTyp><GeoObjTypCd value="002" Sync="TRUE"></GeoObjTypCd></geoObjTyp><geoObjCnt Sync="TRUE">0</geoObjCnt></geometObjs><topLvl><TopoLevCd value="001" Sync="TRUE"></TopoLevCd></topLvl></VectSpatRep></spatRepInfo><spdoinfo><ptvctinf><esriterm Name="cauces_y_zonas_federales"><efeatyp Sync="TRUE">Simple</efeatyp><efeageom code="4" Sync="TRUE"></efeageom><esritopo Sync="TRUE">FALSE</esritopo><efeacnt Sync="TRUE">0</efeacnt><spindex Sync="TRUE">TRUE</spindex><linrefer Sync="TRUE">TRUE</linrefer></esriterm></ptvctinf></spdoinfo><eainfo><detailed Name="cauces_y_zonas_federales"><enttyp><enttypl Sync="TRUE">cauces_y_zonas_federales</enttypl><enttypt Sync="TRUE">Feature Class</enttypt><enttypc Sync="TRUE">0</enttypc></enttyp><attr><attrlabl Sync="TRUE">OBJECTID</attrlabl><attalias Sync="TRUE">OBJECTID</attalias><attrtype Sync="TRUE">OID</attrtype><attwidth Sync="TRUE">4</attwidth><atprecis Sync="TRUE">0</atprecis><attscale Sync="TRUE">0</attscale><attrdef Sync="TRUE">Internal feature number.</attrdef><attrdefs Sync="TRUE">Esri</attrdefs><attrdomv><udom Sync="TRUE">Sequential unique whole numbers that are automatically generated.</udom></attrdomv></attr><attr><attrlabl Sync="TRUE">Shape</attrlabl><attalias Sync="TRUE">Shape</attalias><attrtype Sync="TRUE">Geometry</attrtype><attwidth Sync="TRUE">0</attwidth><atprecis Sync="TRUE">0</atprecis><attscale Sync="TRUE">0</attscale><attrdef Sync="TRUE">Feature geometry.</attrdef><attrdefs Sync="TRUE">Esri</attrdefs><attrdomv><udom Sync="TRUE">Coordinates defining the features.</udom></attrdomv></attr><attr><attrlabl Sync="TRUE">Shape_Length</attrlabl><attalias Sync="TRUE">Shape_Length</attalias><attrtype Sync="TRUE">Double</attrtype><attwidth Sync="TRUE">8</attwidth><atprecis Sync="TRUE">0</atprecis><attscale Sync="TRUE">0</attscale><attrdef Sync="TRUE">Length of feature in internal units.</attrdef><attrdefs Sync="TRUE">Esri</attrdefs><attrdomv><udom Sync="TRUE">Positive real numbers that are automatically generated.</udom></attrdomv></attr><attr><attrlabl Sync="TRUE">Shape_Area</attrlabl><attalias Sync="TRUE">Shape_Area</attalias><attrtype Sync="TRUE">Double</attrtype><attwidth Sync="TRUE">8</attwidth><atprecis Sync="TRUE">0</atprecis><attscale Sync="TRUE">0</attscale><attrdef Sync="TRUE">Area of feature in internal units squared.</attrdef><attrdefs Sync="TRUE">Esri</attrdefs><attrdomv><udom Sync="TRUE">Positive real numbers that are automatically generated.</udom></attrdomv></attr></detailed></eainfo><mdDateSt Sync="TRUE">20220214</mdDateSt></metadata>
