<?xml version="1.0" encoding="UTF-8"?>
<metadata xml:lang="en"><Esri><CreaDate>20240410</CreaDate><CreaTime>14305700</CreaTime><ArcGISFormat>1.0</ArcGISFormat><SyncOnce>TRUE</SyncOnce><DataProperties><lineage><Process ToolSource="c:\program files (x86)\arcgis\desktop10.8\ArcToolbox\Toolboxes\Data Management Tools.tbx\DeleteField" Date="20230208" Time="111741">DeleteField Poligonos_RTI_08022023 A3_MUN;A5_M2;A6_HA;A7_CVU;A8_USO;A9_LAT;A10_LONG;A4_CAT;Sector;VU_SUM2_V2;plazo;OBJECTID;A1_ID_1;A3_MUN_1;A4_CAT_1;A5_M2_1;A6_HA_1;A7_CVU_1;A8_USO_1;A9_LAT_1;A10_LONG_1;ID_B1;VU_B1;ID_B2;VU_B2;ID_B3;VU_B3;ID_B4;VU_B4;ID_B5;VU_B5;ID_B6;VU_B6;ID_B8;VU_B8;ID_B10;VU_B10;ID_B11;VU_B11;ID_B12;VU_B12;ID_B13;VU_B13;ID_C1;VU_C1;ID_C2;VU_C2;ID_C3;VU_C3;ID_C4;VU_C4;ID_C5;VU_C5;ID_C6;VU_C6;ID_D1;VU_D1;ID_D2;VU_D2;ID_D3;VU_D3;ID_D4;VU_D4;ID_D5;VU_D5;ID_D6;VU_D6;ID_F1;VU_F1;ID_F2;VU_F2;ID_F3;VU_F3;ID_F5;VU_F5;ID_G1;VU_G1;ID_G8;VU_G8;ID_G10;VU_G10;ID_G11;VU_G11;ID_G12;VU_G12;ID_G13;VU_G13;ID_G14;VU_G14;ID_G15;VU_G15;VU_SUM;C_PEN;VU_SUM2;colores_viejos;Field85;b1_agri;b1_manl;b1_manu;b1_serv;b2_agri;b2_manl;b2_manu;b2_serv;b3_agri;b3_manl;b3_manu;b3_serv;b4_agri;b4_manl;b4_manu;b4_serv;b5_agri;b5_manl;b5_manu;b5_serv;b6_agri;b6_manl;b6_manu;b6_serv;b8_agri;b8_manl;b8_manu;b8_serv;b10_agri;b10_manl;b10_manu;b10_serv;b11_agri;b11_manl;b11_manu;b11_serv;b12_agri;b12_manl;b12_manu;b12_serv;b13_agri;b13_manl;b13_manu;b13_serv;c1_agri;c1_manl;c1_manu;c1_serv;c2_agri;c2_manl;c2_manu;c2_serv;c3_agri;c3_manl;c3_manu;c3_serv;c4_agri;c4_manl;c4_manu;c4_serv;c5_agri;c5_manl;c5_manu;c5_serv;c6_agri;c6_manl;c6_manu;c6_serv;d1_agri;d1_manl;d1_manu;d1_serv;d2_agri;d2_manl;d2_manu;d2_serv;d3_agri;d3_manl;d3_manu;d3_serv;d4_agri;d4_manl;d4_manu;d4_serv;d5_agri;d5_manl;d5_manu;d5_serv;d6_agri;d6_manl;d6_manu;d6_serv;f1_agri;f1_manl;f1_manu;f1_serv;f2_agri;f2_manl;f2_manu;f2_serv;f3_agri;f3_manl;f3_manu;f3_serv;f5_agri;f5_manl;f5_manu;f5_serv;g1_agri;g1_manl;g1_manu;g1_serv;g8_agri;g8_manl;g8_manu;g8_serv;g10_agri;g10_manl;g10_manu;g10_serv;g11_agri;g11_manl;g11_manu;g11_serv;g12_agri;g12_manl;g12_manu;g12_serv;g13_agri;g13_manl;g13_manu;g13_serv;g14_agri;g14_manl;g14_manu;g14_serv;g15_agri;g15_manl;g15_manu;g15_serv;Field226;AGROTECNOLOGIA;MANUFACTURA_LIGERA;MANUFACTURA;SERVICIOS</Process><Process ToolSource="c:\program files (x86)\arcgis\desktop10.8\ArcToolbox\Toolboxes\Data Management Tools.tbx\JoinField" Date="20230208" Time="111950">JoinField Poligonos_RTI_08022023 OBJECTID_1 "C:\Users\ESCALA10\Downloads\Predios RTI 08-FEB-2023 - Tabla de Predios Seleccionados (1).csv" OBJECTID #</Process><Process ToolSource="c:\program files (x86)\arcgis\desktop10.8\ArcToolbox\Toolboxes\Data Management Tools.tbx\JoinField" Date="20230208" Time="113123">JoinField Poligonos_RTI_08022023 OBJECTID_1 predios08022023 OBJECTID #</Process><Process ToolSource="c:\program files (x86)\arcgis\desktop10.8\ArcToolbox\Toolboxes\Data Management Tools.tbx\DeleteField" Date="20230208" Time="113641">DeleteField Poligonos_RTI_08022023 ID_B1;VU_B1;ID_B2;VU_B2;ID_B3;VU_B3;ID_B4;VU_B4;ID_B5;VU_B5;ID_B6;VU_B6;ID_B8;VU_B8;ID_B10;VU_B10;ID_B11;VU_B11;ID_B12;VU_B12;ID_B13;VU_B13;ID_C1;VU_C1;ID_C2;VU_C2;ID_C3;VU_C3;ID_C4;VU_C4;ID_C5;VU_C5;ID_C6;VU_C6;ID_D1;VU_D1;ID_D2;VU_D2;ID_D3;VU_D3;ID_D4;VU_D4;ID_D5;VU_D5;ID_D6;VU_D6;ID_F1;VU_F1;ID_F2;VU_F2;ID_F3;VU_F3;ID_F5;VU_F5;ID_G1;VU_G1;ID_G8;VU_G8;ID_G10;VU_G10;ID_G11;VU_G11;ID_G12;VU_G12;ID_G13;VU_G13;ID_G14;VU_G14;ID_G15;VU_G15;VU_SUM;C_PEN;b1_agri;b1_manl;b1_manu;b1_serv;b2_agri;b2_manl;b2_manu;b2_serv;b3_agri;b3_manl;b3_manu;b3_serv;b4_agri;b4_manl;b4_manu;b4_serv;b5_agri;b5_manl;b5_manu;b5_serv;b6_agri;b6_manl;b6_manu;b6_serv;b8_agri;b8_manl;b8_manu;b8_serv;b10_agri;b10_manl;b10_manu;b10_serv;b11_agri;b11_manl;b11_manu;b11_serv;b12_agri;b12_manl;b12_manu;b12_serv;b13_agri;b13_manl;b13_manu;b13_serv;c1_agri;c1_manl;c1_manu;c1_serv;c2_agri;c2_manl;c2_manu;c2_serv;c3_agri;c3_manl;c3_manu;c3_serv;c4_agri;c4_manl;c4_manu;c4_serv;c5_agri;c5_manl;c5_manu;c5_serv;c6_agri;c6_manl;c6_manu;c6_serv;d1_agri;d1_manl;d1_manu;d1_serv;d2_agri;d2_manl;d2_manu;d2_serv;d3_agri;d3_manl;d3_manu;d3_serv;d4_agri;d4_manl;d4_manu;d4_serv;d5_agri;d5_manl;d5_manu;d5_serv;d6_agri;d6_manl;d6_manu;d6_serv;f1_agri;f1_manl;f1_manu;f1_serv;f2_agri;f2_manl;f2_manu;f2_serv;f3_agri;f3_manl;f3_manu;f3_serv;f5_agri;f5_manl;f5_manu;f5_serv;g1_agri;g1_manl;g1_manu;g1_serv;g8_agri;g8_manl;g8_manu;g8_serv;g10_agri;g10_manl;g10_manu;g10_serv;g11_agri;g11_manl;g11_manu;g11_serv;g12_agri;g12_manl;g12_manu;g12_serv;g13_agri;g13_manl;g13_manu;g13_serv;g14_agri;g14_manl;g14_manu;g14_serv;g15_agri;g15_manl;g15_manu;g15_serv</Process><Process ToolSource="c:\program files (x86)\arcgis\desktop10.8\ArcToolbox\Toolboxes\Data Management Tools.tbx\JoinField" Date="20230208" Time="114407">JoinField Poligonos_RTI_08022023 OBJECTID_1 Poligonos_RTI_25012023_purg Poligonos_RTI_25012023_purg.OBJECTID_12 Poligonos_RTI_25012023_purg.Sector</Process><Process ToolSource="c:\program files (x86)\arcgis\desktop10.8\ArcToolbox\Toolboxes\Data Management Tools.tbx\CalculateField" Date="20230208" Time="114448">CalculateField Poligonos_RTI_08022023 Sector [Poligonos_RTI_25012023_purg_Sector] VB #</Process><Process ToolSource="c:\program files (x86)\arcgis\desktop10.8\ArcToolbox\Toolboxes\Data Management Tools.tbx\CalculateField" Date="20230210" Time="214658">CalculateField "Poligonos_RTI_08022023_ contorno" A8_USO "Suburbano" VB #</Process><Process ToolSource="c:\program files (x86)\arcgis\desktop10.8\ArcToolbox\Toolboxes\Data Management Tools.tbx\CalculateField" Date="20230210" Time="214721">CalculateField "Poligonos_RTI_08022023_ contorno" A7_CVU "SUB" VB #</Process><Process ToolSource="c:\program files (x86)\arcgis\desktop10.8\ArcToolbox\Toolboxes\Data Management Tools.tbx\CalculateField" Date="20230211" Time="131325">CalculateField "Poligonos_RTI_08022023_ contorno" PDU "Prog. de Ordenamiento Zona Metropolitana Chihuahua" VB #</Process><Process ToolSource="c:\program files (x86)\arcgis\desktop10.8\ArcToolbox\Toolboxes\Data Management Tools.tbx\CalculateField" Date="20230211" Time="131720">CalculateField "Poligonos_RTI_08022023_ contorno" PDU "Plan de Desarrollo Urbano Aldama 2019" VB #</Process><Process ToolSource="c:\program files (x86)\arcgis\desktop10.8\ArcToolbox\Toolboxes\Data Management Tools.tbx\CalculateField" Date="20230211" Time="132633">CalculateField "Poligonos_RTI_08022023_ contorno" PDU "Prog. de Ord. Zona Metropolitana Chihuahua 2015" VB #</Process><Process ToolSource="c:\program files (x86)\arcgis\desktop10.8\ArcToolbox\Toolboxes\Data Management Tools.tbx\CalculateField" Date="20230211" Time="133143">CalculateField "Poligonos_RTI_08022023_ contorno" PDU "Plan de Desarrollo Urbano Act.2021" VB #</Process><Process ToolSource="c:\program files (x86)\arcgis\desktop10.8\ArcToolbox\Toolboxes\Data Management Tools.tbx\CalculateField" Date="20230213" Time="122622">CalculateField "Poligonos_RTI_08022023_ contorno" VU [VU_SUM2] VB #</Process><Process ToolSource="c:\program files (x86)\arcgis\desktop10.8\ArcToolbox\Toolboxes\Data Management Tools.tbx\CalculateField" Date="20230213" Time="122649">CalculateField "Poligonos_RTI_08022023_ contorno" VU [VU_SUM2] VB #</Process><Process ToolSource="c:\program files (x86)\arcgis\desktop10.8\ArcToolbox\Toolboxes\Data Management Tools.tbx\CalculateField" Date="20230213" Time="122703">CalculateField "Poligonos_RTI_08022023_ contorno" VU [VU_SUM2] VB #</Process><Process ToolSource="c:\program files (x86)\arcgis\desktop10.8\ArcToolbox\Toolboxes\Data Management Tools.tbx\CalculateField" Date="20230213" Time="122940">CalculateField "Poligonos_RTI_08022023_ contorno" AGRO [AGROTECNOL] VB #</Process><Process ToolSource="c:\program files (x86)\arcgis\desktop10.8\ArcToolbox\Toolboxes\Data Management Tools.tbx\CalculateField" Date="20230213" Time="123140">CalculateField "Poligonos_RTI_08022023_ contorno" MALI [MANUFACTUR] VB #</Process><Process ToolSource="c:\program files (x86)\arcgis\desktop10.8\ArcToolbox\Toolboxes\Data Management Tools.tbx\CalculateField" Date="20230213" Time="123152">CalculateField "Poligonos_RTI_08022023_ contorno" MANU [MANUFACT_1] VB #</Process><Process ToolSource="c:\program files (x86)\arcgis\desktop10.8\ArcToolbox\Toolboxes\Data Management Tools.tbx\CalculateField" Date="20230213" Time="123244">CalculateField "Poligonos_RTI_08022023_ contorno" SERV [SERV] VB #</Process><Process ToolSource="c:\program files (x86)\arcgis\desktop10.8\ArcToolbox\Toolboxes\Data Management Tools.tbx\CalculateField" Date="20230213" Time="123309">CalculateField "Poligonos_RTI_08022023_ contorno" SERV [SERVICIOS] VB #</Process><Process ToolSource="c:\program files (x86)\arcgis\desktop10.8\ArcToolbox\Toolboxes\Data Management Tools.tbx\CalculateField" Date="20230213" Time="162813">CalculateField Predios_RTI_130022023 PLAZO "Largo" VB #</Process><Process ToolSource="c:\program files (x86)\arcgis\desktop10.8\ArcToolbox\Toolboxes\Data Management Tools.tbx\CalculateField" Date="20230213" Time="163614">CalculateField Predios_RTI_130022023 Plazo "Largo" VB #</Process><Process ToolSource="c:\program files (x86)\arcgis\desktop10.8\ArcToolbox\Toolboxes\Data Management Tools.tbx\CalculateField" Date="20230213" Time="163639">CalculateField Predios_RTI_130022023 Plazo "Mediano" VB #</Process><Process ToolSource="c:\program files (x86)\arcgis\desktop10.8\ArcToolbox\Toolboxes\Data Management Tools.tbx\CalculateField" Date="20230213" Time="163654">CalculateField Predios_RTI_130022023 Plazo "Corto" VB #</Process><Process ToolSource="c:\program files (x86)\arcgis\desktop10.8\ArcToolbox\Toolboxes\Data Management Tools.tbx\CalculateField" Date="20240223" Time="123707">CalculateField potencial_suelo_industrial_2023 categria [A7_CVU] VB #</Process><Process ToolSource="c:\program files (x86)\arcgis\desktop10.8\ArcToolbox\Toolboxes\Data Management Tools.tbx\CalculateField" Date="20240223" Time="123728">CalculateField potencial_suelo_industrial_2023 usosuelo [A7_CVU] VB #</Process><Process ToolSource="c:\program files (x86)\arcgis\desktop10.8\ArcToolbox\Toolboxes\Data Management Tools.tbx\CalculateField" Date="20240223" Time="123740">CalculateField potencial_suelo_industrial_2023 sector_1 [Sector] VB #</Process><Process ToolSource="c:\program files (x86)\arcgis\desktop10.8\ArcToolbox\Toolboxes\Data Management Tools.tbx\CalculateField" Date="20240223" Time="123752">CalculateField potencial_suelo_industrial_2023 vu_1 [VU] VB #</Process><Process ToolSource="c:\program files (x86)\arcgis\desktop10.8\ArcToolbox\Toolboxes\Data Management Tools.tbx\CalculateField" Date="20240223" Time="123759">CalculateField potencial_suelo_industrial_2023 agro_1 [AGRO] VB #</Process><Process ToolSource="c:\program files (x86)\arcgis\desktop10.8\ArcToolbox\Toolboxes\Data Management Tools.tbx\CalculateField" Date="20240223" Time="123806">CalculateField potencial_suelo_industrial_2023 mali_1 [MALI] VB #</Process><Process ToolSource="c:\program files (x86)\arcgis\desktop10.8\ArcToolbox\Toolboxes\Data Management Tools.tbx\CalculateField" Date="20240223" Time="123814">CalculateField potencial_suelo_industrial_2023 manu_1 [MANU] VB #</Process><Process ToolSource="c:\program files (x86)\arcgis\desktop10.8\ArcToolbox\Toolboxes\Data Management Tools.tbx\CalculateField" Date="20240223" Time="123823">CalculateField potencial_suelo_industrial_2023 serv_1 [SERV] VB #</Process><Process ToolSource="c:\program files (x86)\arcgis\desktop10.8\ArcToolbox\Toolboxes\Data Management Tools.tbx\CalculateField" Date="20240223" Time="123830">CalculateField potencial_suelo_industrial_2023 plazo_1 [Plazo] VB #</Process><Process ToolSource="c:\program files (x86)\arcgis\desktop10.8\ArcToolbox\Toolboxes\Data Management Tools.tbx\CalculateField" Date="20240223" Time="123922">CalculateField potencial_suelo_industrial_2023 cve_cat [A4_CAT] VB #</Process><Process ToolSource="c:\program files (x86)\arcgis\desktop10.8\ArcToolbox\Toolboxes\Data Management Tools.tbx\DeleteField" Date="20240223" Time="123950">DeleteField potencial_suelo_industrial_2023 A4_CAT;A5_M2;A6_HA;A7_CVU;A8_USO;Sector;PDU;VU;AGRO;MALI;MANU;SERV;Plazo</Process><Process ToolSource="c:\program files (x86)\arcgis\desktop10.8\ArcToolbox\Toolboxes\Data Management Tools.tbx\CalculateField" Date="20240223" Time="124247">CalculateField potencial_suelo_industrial_2023 plazo [plazo_1] VB #</Process><Process ToolSource="c:\program files (x86)\arcgis\desktop10.8\ArcToolbox\Toolboxes\Data Management Tools.tbx\CalculateField" Date="20240223" Time="124303">CalculateField potencial_suelo_industrial_2023 serv [serv_1] VB #</Process><Process ToolSource="c:\program files (x86)\arcgis\desktop10.8\ArcToolbox\Toolboxes\Data Management Tools.tbx\CalculateField" Date="20240223" Time="124316">CalculateField potencial_suelo_industrial_2023 manu [manu_1] VB #</Process><Process ToolSource="c:\program files (x86)\arcgis\desktop10.8\ArcToolbox\Toolboxes\Data Management Tools.tbx\CalculateField" Date="20240223" Time="124333">CalculateField potencial_suelo_industrial_2023 mali [mali_1] VB #</Process><Process ToolSource="c:\program files (x86)\arcgis\desktop10.8\ArcToolbox\Toolboxes\Data Management Tools.tbx\CalculateField" Date="20240223" Time="124354">CalculateField potencial_suelo_industrial_2023 agro [agro_1] VB #</Process><Process ToolSource="c:\program files (x86)\arcgis\desktop10.8\ArcToolbox\Toolboxes\Data Management Tools.tbx\CalculateField" Date="20240223" Time="124406">CalculateField potencial_suelo_industrial_2023 vu [vu_1] VB #</Process><Process ToolSource="c:\program files (x86)\arcgis\desktop10.8\ArcToolbox\Toolboxes\Data Management Tools.tbx\CalculateField" Date="20240223" Time="124414">CalculateField potencial_suelo_industrial_2023 sector [sector_1] VB #</Process><Process ToolSource="c:\program files\arcgis\pro\Resources\ArcToolbox\toolboxes\Data Management Tools.tbx\CopyMultiple" Date="20240228" Time="133656">CopyMultiple "T:\PDUCP\2023\07_cartografia\gdb\atributos_23-02-2024.gdb\potencial_suelo_industrial_2023 FeatureClass;T:\PDUCP\2023\07_cartografia\gdb\atributos_23-02-2024.gdb\psuelo_industrial_ainfluencia_2023 FeatureClass;T:\PDUCP\2023\07_cartografia\gdb\atributos_23-02-2024.gdb\reservas_industriales_2023 FeatureClass;T:\PDUCP\2023\07_cartografia\gdb\atributos_23-02-2024.gdb\subcentros_ainfluencia_5000m_2023 FeatureClass" T:\PDUCP\2023\07_cartografia\gdb\PDU2040_2023_CAMM.gdb\planeacion_y_condicionantes potencial_suelo_industrial_2023;psuelo_industrial_ainfluencia_2023;reservas_industriales_2023;subcentros_ainfluencia_5000m_2023 "potencial_suelo_industrial_2023 FeatureClass potencial_suelo_industrial_2023 #;psuelo_industrial_ainfluencia_2023 FeatureClass psuelo_industrial_ainfluencia_2023 #;reservas_industriales_2023 FeatureClass reservas_industriales_2023 #;subcentros_ainfluencia_5000m_2023 FeatureClass subcentros_ainfluencia_5000m_2023 #"</Process><Process ToolSource="c:\program files\arcgis\pro\Resources\ArcToolbox\toolboxes\Data Management Tools.tbx\UpdateSchema" Date="20240228" Time="145153">UpdateSchema "CIMDATA=&lt;CIMFeatureDatasetDataConnection xsi:type='typens:CIMFeatureDatasetDataConnection' xmlns:xsi='http://www.w3.org/2001/XMLSchema-instance' xmlns:xs='http://www.w3.org/2001/XMLSchema' xmlns:typens='http://www.esri.com/schemas/ArcGIS/3.2.0'&gt;&lt;FeatureDataset&gt;planeacion_y_condicionantes&lt;/FeatureDataset&gt;&lt;WorkspaceConnectionString&gt;DATABASE=T:\PDUCP\2023\07_cartografia\gdb\PDU2040_2023_CAMM.gdb&lt;/WorkspaceConnectionString&gt;&lt;WorkspaceFactory&gt;FileGDB&lt;/WorkspaceFactory&gt;&lt;Dataset&gt;potencial_suelo_industrial_2023&lt;/Dataset&gt;&lt;DatasetType&gt;esriDTFeatureClass&lt;/DatasetType&gt;&lt;/CIMFeatureDatasetDataConnection&gt;" &lt;operationSequence&gt;&lt;workflow&gt;&lt;DeleteField&gt;&lt;field_name&gt;OBJECTID_1&lt;/field_name&gt;&lt;/DeleteField&gt;&lt;/workflow&gt;&lt;workflow&gt;&lt;AssignDefaultToField&gt;&lt;field_name&gt;cve_zm&lt;/field_name&gt;&lt;default_value&gt;08.01&lt;/default_value&gt;&lt;/AssignDefaultToField&gt;&lt;/workflow&gt;&lt;/operationSequence&gt;</Process><Process ToolSource="c:\program files\arcgis\pro\Resources\ArcToolbox\toolboxes\Data Management Tools.tbx\CalculateField" Date="20240228" Time="145427">CalculateField potencial_suelo_industrial_2023 cve_zm "08.01" Python # Text NO_ENFORCE_DOMAINS</Process><Process ToolSource="c:\program files\arcgis\pro\Resources\ArcToolbox\toolboxes\Data Management Tools.tbx\UpdateSchema" Date="20240228" Time="152526">UpdateSchema "CIMDATA=&lt;CIMFeatureDatasetDataConnection xsi:type='typens:CIMFeatureDatasetDataConnection' xmlns:xsi='http://www.w3.org/2001/XMLSchema-instance' xmlns:xs='http://www.w3.org/2001/XMLSchema' xmlns:typens='http://www.esri.com/schemas/ArcGIS/3.2.0'&gt;&lt;FeatureDataset&gt;planeacion_y_condicionantes&lt;/FeatureDataset&gt;&lt;WorkspaceConnectionString&gt;DATABASE=T:\PDUCP\2023\07_cartografia\gdb\PDU2040_2023_CAMM.gdb&lt;/WorkspaceConnectionString&gt;&lt;WorkspaceFactory&gt;FileGDB&lt;/WorkspaceFactory&gt;&lt;Dataset&gt;potencial_suelo_industrial_2023&lt;/Dataset&gt;&lt;DatasetType&gt;esriDTFeatureClass&lt;/DatasetType&gt;&lt;/CIMFeatureDatasetDataConnection&gt;" "&lt;operationSequence&gt;&lt;workflow&gt;&lt;DeleteField&gt;&lt;field_name&gt;url3&lt;/field_name&gt;&lt;field_name&gt;url4&lt;/field_name&gt;&lt;field_name&gt;url5&lt;/field_name&gt;&lt;/DeleteField&gt;&lt;/workflow&gt;&lt;workflow&gt;&lt;AssignDomainToField&gt;&lt;field_name&gt;cve_ent&lt;/field_name&gt;&lt;domain_name&gt;cve_ent&lt;/domain_name&gt;&lt;/AssignDomainToField&gt;&lt;/workflow&gt;&lt;workflow&gt;&lt;AssignDomainToField&gt;&lt;field_name&gt;jrsdccn&lt;/field_name&gt;&lt;domain_name&gt;jrsdccn&lt;/domain_name&gt;&lt;/AssignDomainToField&gt;&lt;/workflow&gt;&lt;workflow&gt;&lt;AlterField&gt;&lt;field_name&gt;institucion&lt;/field_name&gt;&lt;field_alias&gt;Responsable o Integrador de la Información&lt;/field_alias&gt;&lt;field_type&gt;TEXT&lt;/field_type&gt;&lt;field_is_nullable&gt;True&lt;/field_is_nullable&gt;&lt;clear_field_alias&gt;False&lt;/clear_field_alias&gt;&lt;/AlterField&gt;&lt;/workflow&gt;&lt;workflow&gt;&lt;AlterField&gt;&lt;field_name&gt;fte_inf&lt;/field_name&gt;&lt;field_alias&gt;Origen de la Información&lt;/field_alias&gt;&lt;field_type&gt;TEXT&lt;/field_type&gt;&lt;field_is_nullable&gt;True&lt;/field_is_nullable&gt;&lt;clear_field_alias&gt;False&lt;/clear_field_alias&gt;&lt;/AlterField&gt;&lt;/workflow&gt;&lt;workflow&gt;&lt;AlterField&gt;&lt;field_name&gt;sup_ha&lt;/field_name&gt;&lt;field_alias&gt;Superficie (ha)&lt;/field_alias&gt;&lt;field_is_nullable&gt;True&lt;/field_is_nullable&gt;&lt;clear_field_alias&gt;False&lt;/clear_field_alias&gt;&lt;/AlterField&gt;&lt;/workflow&gt;&lt;workflow&gt;&lt;AlterField&gt;&lt;field_name&gt;usosuelo&lt;/field_name&gt;&lt;new_field_name&gt;uso_suelo&lt;/new_field_name&gt;&lt;field_type&gt;TEXT&lt;/field_type&gt;&lt;field_is_nullable&gt;True&lt;/field_is_nullable&gt;&lt;clear_field_alias&gt;False&lt;/clear_field_alias&gt;&lt;/AlterField&gt;&lt;/workflow&gt;&lt;workflow&gt;&lt;AlterField&gt;&lt;field_name&gt;vu&lt;/field_name&gt;&lt;new_field_name&gt;vlr_urb&lt;/new_field_name&gt;&lt;field_alias&gt;Valor Urbano&lt;/field_alias&gt;&lt;field_is_nullable&gt;True&lt;/field_is_nullable&gt;&lt;clear_field_alias&gt;False&lt;/clear_field_alias&gt;&lt;/AlterField&gt;&lt;/workflow&gt;&lt;workflow&gt;&lt;AlterField&gt;&lt;field_name&gt;agro&lt;/field_name&gt;&lt;new_field_name&gt;agroind&lt;/new_field_name&gt;&lt;field_alias&gt;Agroindustria&lt;/field_alias&gt;&lt;field_is_nullable&gt;True&lt;/field_is_nullable&gt;&lt;clear_field_alias&gt;False&lt;/clear_field_alias&gt;&lt;/AlterField&gt;&lt;/workflow&gt;&lt;workflow&gt;&lt;AlterField&gt;&lt;field_name&gt;mali&lt;/field_name&gt;&lt;new_field_name&gt;manuf_lgr&lt;/new_field_name&gt;&lt;field_alias&gt;Manufactura Ligera&lt;/field_alias&gt;&lt;field_is_nullable&gt;True&lt;/field_is_nullable&gt;&lt;clear_field_alias&gt;False&lt;/clear_field_alias&gt;&lt;/AlterField&gt;&lt;/workflow&gt;&lt;workflow&gt;&lt;AlterField&gt;&lt;field_name&gt;manu&lt;/field_name&gt;&lt;new_field_name&gt;manuf&lt;/new_field_name&gt;&lt;field_alias&gt;Manufactura&lt;/field_alias&gt;&lt;field_is_nullable&gt;True&lt;/field_is_nullable&gt;&lt;clear_field_alias&gt;False&lt;/clear_field_alias&gt;&lt;/AlterField&gt;&lt;/workflow&gt;&lt;workflow&gt;&lt;AlterField&gt;&lt;field_name&gt;serv&lt;/field_name&gt;&lt;new_field_name&gt;srvs&lt;/new_field_name&gt;&lt;field_alias&gt;Servicios&lt;/field_alias&gt;&lt;field_is_nullable&gt;True&lt;/field_is_nullable&gt;&lt;clear_field_alias&gt;False&lt;/clear_field_alias&gt;&lt;/AlterField&gt;&lt;/workflow&gt;&lt;workflow&gt;&lt;AlterField&gt;&lt;field_name&gt;url1&lt;/field_name&gt;&lt;field_alias&gt;Acceder a la Normatividad Complementaria&lt;/field_alias&gt;&lt;field_type&gt;TEXT&lt;/field_type&gt;&lt;field_is_nullable&gt;True&lt;/field_is_nullable&gt;&lt;clear_field_alias&gt;False&lt;/clear_field_alias&gt;&lt;/AlterField&gt;&lt;/workflow&gt;&lt;workflow&gt;&lt;AlterField&gt;&lt;field_name&gt;url2&lt;/field_name&gt;&lt;field_alias&gt;Acceder al Diccionario de Datos del Objeto Geográfico&lt;/field_alias&gt;&lt;field_type&gt;TEXT&lt;/field_type&gt;&lt;field_is_nullable&gt;True&lt;/field_is_nullable&gt;&lt;clear_field_alias&gt;False&lt;/clear_field_alias&gt;&lt;/AlterField&gt;&lt;/workflow&gt;&lt;/operationSequence&gt;"</Process><Process ToolSource="c:\program files\arcgis\pro\Resources\ArcToolbox\toolboxes\Data Management Tools.tbx\UpdateSchema" Date="20240228" Time="152629">UpdateSchema "CIMDATA=&lt;CIMFeatureDatasetDataConnection xsi:type='typens:CIMFeatureDatasetDataConnection' xmlns:xsi='http://www.w3.org/2001/XMLSchema-instance' xmlns:xs='http://www.w3.org/2001/XMLSchema' xmlns:typens='http://www.esri.com/schemas/ArcGIS/3.2.0'&gt;&lt;FeatureDataset&gt;planeacion_y_condicionantes&lt;/FeatureDataset&gt;&lt;WorkspaceConnectionString&gt;DATABASE=T:\PDUCP\2023\07_cartografia\gdb\PDU2040_2023_CAMM.gdb&lt;/WorkspaceConnectionString&gt;&lt;WorkspaceFactory&gt;FileGDB&lt;/WorkspaceFactory&gt;&lt;Dataset&gt;potencial_suelo_industrial_2023&lt;/Dataset&gt;&lt;DatasetType&gt;esriDTFeatureClass&lt;/DatasetType&gt;&lt;/CIMFeatureDatasetDataConnection&gt;" &lt;operationSequence&gt;&lt;workflow&gt;&lt;AlterField&gt;&lt;field_name&gt;A1_ID&lt;/field_name&gt;&lt;new_field_name&gt;identificador&lt;/new_field_name&gt;&lt;field_alias&gt;Identificador&lt;/field_alias&gt;&lt;field_type&gt;TEXT&lt;/field_type&gt;&lt;field_is_nullable&gt;True&lt;/field_is_nullable&gt;&lt;clear_field_alias&gt;False&lt;/clear_field_alias&gt;&lt;/AlterField&gt;&lt;/workflow&gt;&lt;/operationSequence&gt;</Process><Process ToolSource="c:\program files\arcgis\pro\Resources\ArcToolbox\toolboxes\Data Management Tools.tbx\CalculateField" Date="20240228" Time="152711">CalculateField potencial_suelo_industrial_2023 fte_inf "IMPLAN" Python # Text NO_ENFORCE_DOMAINS</Process><Process ToolSource="c:\program files\arcgis\pro\Resources\ArcToolbox\toolboxes\Data Management Tools.tbx\CalculateField" Date="20240228" Time="161711">CalculateField potencial_suelo_industrial_2023 url1 "https://sigmun-pdu.s3.us-west-1.amazonaws.com/PDU2040/6.1.EstrategiasComplementarias/6.1.6+ReservaPotencialIndustrial.pdf" Python # Text NO_ENFORCE_DOMAINS</Process><Process ToolSource="c:\program files\arcgis\pro\Resources\ArcToolbox\toolboxes\Data Management Tools.tbx\UpdateSchema" Date="20240229" Time="121955">UpdateSchema "CIMDATA=&lt;CIMFeatureDatasetDataConnection xsi:type='typens:CIMFeatureDatasetDataConnection' xmlns:xsi='http://www.w3.org/2001/XMLSchema-instance' xmlns:xs='http://www.w3.org/2001/XMLSchema' xmlns:typens='http://www.esri.com/schemas/ArcGIS/3.2.0'&gt;&lt;FeatureDataset&gt;planeacion_y_condicionantes&lt;/FeatureDataset&gt;&lt;WorkspaceConnectionString&gt;DATABASE=T:\PDUCP\2023\07_cartografia\gdb\PDU2040_2023_CAMM.gdb&lt;/WorkspaceConnectionString&gt;&lt;WorkspaceFactory&gt;FileGDB&lt;/WorkspaceFactory&gt;&lt;Dataset&gt;potencial_suelo_industrial_2023&lt;/Dataset&gt;&lt;DatasetType&gt;esriDTFeatureClass&lt;/DatasetType&gt;&lt;/CIMFeatureDatasetDataConnection&gt;" "&lt;operationSequence&gt;&lt;workflow&gt;&lt;AlterField&gt;&lt;field_name&gt;a_mod&lt;/field_name&gt;&lt;new_field_name&gt;a_act&lt;/new_field_name&gt;&lt;field_alias&gt;Año de Actualización&lt;/field_alias&gt;&lt;field_is_nullable&gt;True&lt;/field_is_nullable&gt;&lt;clear_field_alias&gt;False&lt;/clear_field_alias&gt;&lt;/AlterField&gt;&lt;/workflow&gt;&lt;/operationSequence&gt;"</Process><Process ToolSource="c:\program files\arcgis\pro\Resources\ArcToolbox\toolboxes\Data Management Tools.tbx\CalculateField" Date="20240304" Time="132301">CalculateField potencial_suelo_industrial_2023 obj_geo "potencial_suelo_industrial_2023" Python # Text NO_ENFORCE_DOMAINS</Process><Process ToolSource="c:\program files\arcgis\pro\Resources\ArcToolbox\toolboxes\Data Management Tools.tbx\CalculateField" Date="20240304" Time="132325">CalculateField potencial_suelo_industrial_2023 cod_obj_geo "006.003.012" Python # Text NO_ENFORCE_DOMAINS</Process><Process ToolSource="c:\program files\arcgis\pro\Resources\ArcToolbox\toolboxes\Data Management Tools.tbx\UpdateSchema" Date="20240304" Time="132723">UpdateSchema "CIMDATA=&lt;CIMFeatureDatasetDataConnection xsi:type='typens:CIMFeatureDatasetDataConnection' xmlns:xsi='http://www.w3.org/2001/XMLSchema-instance' xmlns:xs='http://www.w3.org/2001/XMLSchema' xmlns:typens='http://www.esri.com/schemas/ArcGIS/3.2.0'&gt;&lt;FeatureDataset&gt;planeacion_y_condicionantes&lt;/FeatureDataset&gt;&lt;WorkspaceConnectionString&gt;DATABASE=T:\PDUCP\2023\07_cartografia\gdb\PDU2040_2023.gdb&lt;/WorkspaceConnectionString&gt;&lt;WorkspaceFactory&gt;FileGDB&lt;/WorkspaceFactory&gt;&lt;Dataset&gt;potencial_suelo_industrial_2023&lt;/Dataset&gt;&lt;DatasetType&gt;esriDTFeatureClass&lt;/DatasetType&gt;&lt;/CIMFeatureDatasetDataConnection&gt;" &lt;operationSequence&gt;&lt;workflow&gt;&lt;AlterField&gt;&lt;field_name&gt;cod_obj_geo&lt;/field_name&gt;&lt;field_type&gt;TEXT&lt;/field_type&gt;&lt;field_length&gt;11&lt;/field_length&gt;&lt;field_is_nullable&gt;True&lt;/field_is_nullable&gt;&lt;clear_field_alias&gt;False&lt;/clear_field_alias&gt;&lt;/AlterField&gt;&lt;/workflow&gt;&lt;/operationSequence&gt;</Process><Process ToolSource="c:\program files\arcgis\pro\Resources\ArcToolbox\toolboxes\Data Management Tools.tbx\CalculateField" Date="20240304" Time="132854">CalculateField potencial_suelo_industrial_2023 cod_obj_geo "006.003.012" Python # Text NO_ENFORCE_DOMAINS</Process><Process ToolSource="c:\program files\arcgis\pro\Resources\ArcToolbox\toolboxes\Data Management Tools.tbx\CalculateField" Date="20240304" Time="140441">CalculateField potencial_suelo_industrial_2023 obj_geo "Potencial de suelo industrial 2023" Python # Text NO_ENFORCE_DOMAINS</Process></lineage><itemProps><itemLocation><linkage Sync="TRUE">file://\\10.218.108.49\Planeacion\PDUCP\2023\07_cartografia\gdb\PDU2040_2023_CAMM.gdb</linkage><protocol Sync="TRUE">Local Area Network</protocol></itemLocation></itemProps></DataProperties></Esri></metadata>
