<?xml version="1.0" encoding="UTF-8"?>
<metadata xml:lang="es"><Esri><CreaDate>20240410</CreaDate><CreaTime>14315200</CreaTime><ArcGISFormat>1.0</ArcGISFormat><SyncOnce>TRUE</SyncOnce><DataProperties><lineage><Process ToolSource="c:\program files (x86)\arcgis\desktop10.8\ArcToolbox\Toolboxes\Data Management Tools.tbx\CalculateField" Date="20230620" Time="140856">CalculateField Radios_de_influencia Name "2" VB #</Process><Process ToolSource="c:\program files (x86)\arcgis\desktop10.8\ArcToolbox\Toolboxes\Data Management Tools.tbx\CalculateField" Date="20230620" Time="140915">CalculateField Radios_de_influencia Name "5" VB #</Process><Process ToolSource="c:\program files (x86)\arcgis\desktop10.8\ArcToolbox\Toolboxes\Data Management Tools.tbx\CalculateField" Date="20230620" Time="140931">CalculateField Radios_de_influencia Name "1" VB #</Process><Process ToolSource="c:\program files (x86)\arcgis\desktop10.8\ArcToolbox\Toolboxes\Data Management Tools.tbx\CalculateField" Date="20230620" Time="140948">CalculateField Radios_de_influencia Name "1" VB #</Process><Process ToolSource="c:\program files (x86)\arcgis\desktop10.8\ArcToolbox\Toolboxes\Data Management Tools.tbx\CalculateField" Date="20230620" Time="141006">CalculateField Radios_de_influencia Name "3" VB #</Process><Process ToolSource="c:\program files (x86)\arcgis\desktop10.8\ArcToolbox\Toolboxes\Data Management Tools.tbx\CalculateField" Date="20230620" Time="141021">CalculateField Radios_de_influencia Name "4" VB #</Process><Process ToolSource="c:\program files (x86)\arcgis\desktop10.8\ArcToolbox\Toolboxes\Data Management Tools.tbx\CalculateField" Date="20240223" Time="125350">CalculateField psuelo_industrial_ainfluencia_2023 name_1 [Name] VB #</Process><Process ToolSource="c:\program files (x86)\arcgis\desktop10.8\ArcToolbox\Toolboxes\Data Management Tools.tbx\CalculateField" Date="20240223" Time="125445">CalculateField psuelo_industrial_ainfluencia_2023 name [name_1] VB #</Process><Process ToolSource="c:\program files (x86)\arcgis\desktop10.8\ArcToolbox\Toolboxes\Data Management Tools.tbx\CalculateField" Date="20240223" Time="125508">CalculateField psuelo_industrial_ainfluencia_2023 institucion "IMPLAN" VB #</Process><Process ToolSource="c:\program files (x86)\arcgis\desktop10.8\ArcToolbox\Toolboxes\Data Management Tools.tbx\CalculateField" Date="20240223" Time="125529">CalculateField psuelo_industrial_ainfluencia_2023 a_mod "2023" VB #</Process><Process ToolSource="c:\program files\arcgis\pro\Resources\ArcToolbox\toolboxes\Data Management Tools.tbx\CopyMultiple" Date="20240228" Time="133657">CopyMultiple "T:\PDUCP\2023\07_cartografia\gdb\atributos_23-02-2024.gdb\potencial_suelo_industrial_2023 FeatureClass;T:\PDUCP\2023\07_cartografia\gdb\atributos_23-02-2024.gdb\psuelo_industrial_ainfluencia_2023 FeatureClass;T:\PDUCP\2023\07_cartografia\gdb\atributos_23-02-2024.gdb\reservas_industriales_2023 FeatureClass;T:\PDUCP\2023\07_cartografia\gdb\atributos_23-02-2024.gdb\subcentros_ainfluencia_5000m_2023 FeatureClass" T:\PDUCP\2023\07_cartografia\gdb\PDU2040_2023_CAMM.gdb\planeacion_y_condicionantes potencial_suelo_industrial_2023;psuelo_industrial_ainfluencia_2023;reservas_industriales_2023;subcentros_ainfluencia_5000m_2023 "potencial_suelo_industrial_2023 FeatureClass potencial_suelo_industrial_2023 #;psuelo_industrial_ainfluencia_2023 FeatureClass psuelo_industrial_ainfluencia_2023 #;reservas_industriales_2023 FeatureClass reservas_industriales_2023 #;subcentros_ainfluencia_5000m_2023 FeatureClass subcentros_ainfluencia_5000m_2023 #"</Process><Process ToolSource="c:\program files\arcgis\pro\Resources\ArcToolbox\toolboxes\Data Management Tools.tbx\UpdateSchema" Date="20240228" Time="162252">UpdateSchema "CIMDATA=&lt;CIMFeatureDatasetDataConnection xsi:type='typens:CIMFeatureDatasetDataConnection' xmlns:xsi='http://www.w3.org/2001/XMLSchema-instance' xmlns:xs='http://www.w3.org/2001/XMLSchema' xmlns:typens='http://www.esri.com/schemas/ArcGIS/3.2.0'&gt;&lt;FeatureDataset&gt;planeacion_y_condicionantes&lt;/FeatureDataset&gt;&lt;WorkspaceConnectionString&gt;DATABASE=T:\PDUCP\2023\07_cartografia\gdb\PDU2040_2023_CAMM.gdb&lt;/WorkspaceConnectionString&gt;&lt;WorkspaceFactory&gt;FileGDB&lt;/WorkspaceFactory&gt;&lt;Dataset&gt;psuelo_industrial_ainfluencia_2023&lt;/Dataset&gt;&lt;DatasetType&gt;esriDTFeatureClass&lt;/DatasetType&gt;&lt;/CIMFeatureDatasetDataConnection&gt;" "&lt;operationSequence&gt;&lt;workflow&gt;&lt;DeleteField&gt;&lt;field_name&gt;url3&lt;/field_name&gt;&lt;field_name&gt;url4&lt;/field_name&gt;&lt;field_name&gt;url5&lt;/field_name&gt;&lt;/DeleteField&gt;&lt;/workflow&gt;&lt;workflow&gt;&lt;AssignDomainToField&gt;&lt;field_name&gt;cve_ent&lt;/field_name&gt;&lt;domain_name&gt;cve_ent&lt;/domain_name&gt;&lt;/AssignDomainToField&gt;&lt;/workflow&gt;&lt;workflow&gt;&lt;AssignDefaultToField&gt;&lt;field_name&gt;cve_zm&lt;/field_name&gt;&lt;default_value&gt;08.01&lt;/default_value&gt;&lt;/AssignDefaultToField&gt;&lt;/workflow&gt;&lt;workflow&gt;&lt;AssignDomainToField&gt;&lt;field_name&gt;jrsdccn&lt;/field_name&gt;&lt;domain_name&gt;jrsdccn&lt;/domain_name&gt;&lt;/AssignDomainToField&gt;&lt;/workflow&gt;&lt;workflow&gt;&lt;AlterField&gt;&lt;field_name&gt;a_mod&lt;/field_name&gt;&lt;field_alias&gt;Año de Modifiación&lt;/field_alias&gt;&lt;field_is_nullable&gt;True&lt;/field_is_nullable&gt;&lt;clear_field_alias&gt;False&lt;/clear_field_alias&gt;&lt;/AlterField&gt;&lt;/workflow&gt;&lt;workflow&gt;&lt;AlterField&gt;&lt;field_name&gt;institucion&lt;/field_name&gt;&lt;field_alias&gt;Responsable o Integrador de la Información&lt;/field_alias&gt;&lt;field_type&gt;TEXT&lt;/field_type&gt;&lt;field_is_nullable&gt;True&lt;/field_is_nullable&gt;&lt;clear_field_alias&gt;False&lt;/clear_field_alias&gt;&lt;/AlterField&gt;&lt;/workflow&gt;&lt;workflow&gt;&lt;AlterField&gt;&lt;field_name&gt;fte_inf&lt;/field_name&gt;&lt;field_alias&gt;Origen de la Información&lt;/field_alias&gt;&lt;field_type&gt;TEXT&lt;/field_type&gt;&lt;field_is_nullable&gt;True&lt;/field_is_nullable&gt;&lt;clear_field_alias&gt;False&lt;/clear_field_alias&gt;&lt;/AlterField&gt;&lt;/workflow&gt;&lt;workflow&gt;&lt;AlterField&gt;&lt;field_name&gt;name&lt;/field_name&gt;&lt;new_field_name&gt;Identificador&lt;/new_field_name&gt;&lt;field_alias&gt;Identificador&lt;/field_alias&gt;&lt;field_type&gt;TEXT&lt;/field_type&gt;&lt;field_is_nullable&gt;True&lt;/field_is_nullable&gt;&lt;clear_field_alias&gt;False&lt;/clear_field_alias&gt;&lt;/AlterField&gt;&lt;/workflow&gt;&lt;workflow&gt;&lt;AlterField&gt;&lt;field_name&gt;sup_ha&lt;/field_name&gt;&lt;field_alias&gt;Superficie (ha)&lt;/field_alias&gt;&lt;field_is_nullable&gt;True&lt;/field_is_nullable&gt;&lt;clear_field_alias&gt;False&lt;/clear_field_alias&gt;&lt;/AlterField&gt;&lt;/workflow&gt;&lt;workflow&gt;&lt;AlterField&gt;&lt;field_name&gt;url1&lt;/field_name&gt;&lt;field_alias&gt;Acceder a la Normatividad Complementaria&lt;/field_alias&gt;&lt;field_type&gt;TEXT&lt;/field_type&gt;&lt;field_is_nullable&gt;True&lt;/field_is_nullable&gt;&lt;clear_field_alias&gt;False&lt;/clear_field_alias&gt;&lt;/AlterField&gt;&lt;/workflow&gt;&lt;workflow&gt;&lt;AlterField&gt;&lt;field_name&gt;url2&lt;/field_name&gt;&lt;field_alias&gt;Acceder al Diccionario de Datos del Objeto Geográfico&lt;/field_alias&gt;&lt;field_type&gt;TEXT&lt;/field_type&gt;&lt;field_is_nullable&gt;True&lt;/field_is_nullable&gt;&lt;clear_field_alias&gt;False&lt;/clear_field_alias&gt;&lt;/AlterField&gt;&lt;/workflow&gt;&lt;/operationSequence&gt;"</Process><Process ToolSource="c:\program files\arcgis\pro\Resources\ArcToolbox\toolboxes\Data Management Tools.tbx\UpdateSchema" Date="20240228" Time="162303">UpdateSchema "CIMDATA=&lt;CIMFeatureDatasetDataConnection xsi:type='typens:CIMFeatureDatasetDataConnection' xmlns:xsi='http://www.w3.org/2001/XMLSchema-instance' xmlns:xs='http://www.w3.org/2001/XMLSchema' xmlns:typens='http://www.esri.com/schemas/ArcGIS/3.2.0'&gt;&lt;FeatureDataset&gt;planeacion_y_condicionantes&lt;/FeatureDataset&gt;&lt;WorkspaceConnectionString&gt;DATABASE=T:\PDUCP\2023\07_cartografia\gdb\PDU2040_2023_CAMM.gdb&lt;/WorkspaceConnectionString&gt;&lt;WorkspaceFactory&gt;FileGDB&lt;/WorkspaceFactory&gt;&lt;Dataset&gt;psuelo_industrial_ainfluencia_2023&lt;/Dataset&gt;&lt;DatasetType&gt;esriDTFeatureClass&lt;/DatasetType&gt;&lt;/CIMFeatureDatasetDataConnection&gt;" "&lt;operationSequence&gt;&lt;workflow&gt;&lt;AlterField&gt;&lt;field_name&gt;a_mod&lt;/field_name&gt;&lt;field_alias&gt;Año de Modificación&lt;/field_alias&gt;&lt;field_is_nullable&gt;True&lt;/field_is_nullable&gt;&lt;clear_field_alias&gt;False&lt;/clear_field_alias&gt;&lt;/AlterField&gt;&lt;/workflow&gt;&lt;/operationSequence&gt;"</Process><Process ToolSource="c:\program files\arcgis\pro\Resources\ArcToolbox\toolboxes\Data Management Tools.tbx\CalculateField" Date="20240228" Time="162352">CalculateField psuelo_industrial_ainfluencia_2023 url1 "https://sigmun-pdu.s3.us-west-1.amazonaws.com/PDU2040/6.1.EstrategiasComplementarias/6.1.6+ReservaPotencialIndustrial.pdf" Python # Text NO_ENFORCE_DOMAINS</Process><Process ToolSource="c:\program files\arcgis\pro\Resources\ArcToolbox\toolboxes\Data Management Tools.tbx\CalculateField" Date="20240304" Time="132956">CalculateField psuelo_industrial_ainfluencia_2023 obj_geo "psuelo_industrial_ainfluencia_2023" Python # Text NO_ENFORCE_DOMAINS</Process><Process ToolSource="c:\program files\arcgis\pro\Resources\ArcToolbox\toolboxes\Data Management Tools.tbx\UpdateSchema" Date="20240304" Time="133041">UpdateSchema "CIMDATA=&lt;CIMFeatureDatasetDataConnection xsi:type='typens:CIMFeatureDatasetDataConnection' xmlns:xsi='http://www.w3.org/2001/XMLSchema-instance' xmlns:xs='http://www.w3.org/2001/XMLSchema' xmlns:typens='http://www.esri.com/schemas/ArcGIS/3.2.0'&gt;&lt;FeatureDataset&gt;planeacion_y_condicionantes&lt;/FeatureDataset&gt;&lt;WorkspaceConnectionString&gt;DATABASE=T:\PDUCP\2023\07_cartografia\gdb\PDU2040_2023.gdb&lt;/WorkspaceConnectionString&gt;&lt;WorkspaceFactory&gt;FileGDB&lt;/WorkspaceFactory&gt;&lt;Dataset&gt;psuelo_industrial_ainfluencia_2023&lt;/Dataset&gt;&lt;DatasetType&gt;esriDTFeatureClass&lt;/DatasetType&gt;&lt;/CIMFeatureDatasetDataConnection&gt;" &lt;operationSequence&gt;&lt;workflow&gt;&lt;AlterField&gt;&lt;field_name&gt;cod_obj_geo&lt;/field_name&gt;&lt;field_type&gt;TEXT&lt;/field_type&gt;&lt;field_length&gt;11&lt;/field_length&gt;&lt;field_is_nullable&gt;True&lt;/field_is_nullable&gt;&lt;clear_field_alias&gt;False&lt;/clear_field_alias&gt;&lt;/AlterField&gt;&lt;/workflow&gt;&lt;/operationSequence&gt;</Process><Process ToolSource="c:\program files\arcgis\pro\Resources\ArcToolbox\toolboxes\Data Management Tools.tbx\CalculateField" Date="20240304" Time="133357">CalculateField psuelo_industrial_ainfluencia_2023 obj_geo "Potencial de Suelo Industrial Área de Influencia 5000 m" Python # Text NO_ENFORCE_DOMAINS</Process><Process ToolSource="c:\program files\arcgis\pro\Resources\ArcToolbox\toolboxes\Data Management Tools.tbx\CalculateField" Date="20240304" Time="133453">CalculateField psuelo_industrial_ainfluencia_2023 obj_geo "Potencial de Suelo Industrial Área de Influencia" Python # Text NO_ENFORCE_DOMAINS</Process><Process ToolSource="c:\program files\arcgis\pro\Resources\ArcToolbox\toolboxes\Data Management Tools.tbx\CalculateField" Date="20240304" Time="133609">CalculateField psuelo_industrial_ainfluencia_2023 obj_geo "Área de Influencia del Potencial del Suelo Industrial 2023" Python # Text NO_ENFORCE_DOMAINS</Process><Process ToolSource="c:\program files\arcgis\pro\Resources\ArcToolbox\toolboxes\Data Management Tools.tbx\CalculateField" Date="20240304" Time="133653">CalculateField psuelo_industrial_ainfluencia_2023 obj_geo "Área de Influencia del Potencial del Suelo Industrial" Python # Text NO_ENFORCE_DOMAINS</Process><Process ToolSource="c:\program files\arcgis\pro\Resources\ArcToolbox\toolboxes\Data Management Tools.tbx\CalculateField" Date="20240304" Time="133745">CalculateField psuelo_industrial_ainfluencia_2023 obj_geo "Área de Influencia Potencial del Suelo Industrial" Python # Text NO_ENFORCE_DOMAINS</Process><Process ToolSource="c:\program files\arcgis\pro\Resources\ArcToolbox\toolboxes\Data Management Tools.tbx\CalculateField" Date="20240304" Time="133817">CalculateField psuelo_industrial_ainfluencia_2023 cod_obj_geo "016.003.013" Python # Text NO_ENFORCE_DOMAINS</Process><Process ToolSource="c:\program files\arcgis\pro\Resources\ArcToolbox\toolboxes\Data Management Tools.tbx\CalculateField" Date="20240304" Time="133838">CalculateField psuelo_industrial_ainfluencia_2023 cve_zm "08.01" Python # Text NO_ENFORCE_DOMAINS</Process><Process ToolSource="c:\program files\arcgis\pro\Resources\ArcToolbox\toolboxes\Data Management Tools.tbx\CalculateField" Date="20240304" Time="133902">CalculateField psuelo_industrial_ainfluencia_2023 fte_inf "IMPLAN" Python # Text NO_ENFORCE_DOMAINS</Process></lineage><itemProps><itemLocation><linkage Sync="TRUE">file://\\10.218.108.49\Planeacion\PDUCP\2023\07_cartografia\gdb\PDU2040_2023_CAMM.gdb</linkage><protocol Sync="TRUE">Local Area Network</protocol></itemLocation></itemProps></DataProperties></Esri></metadata>
