<?xml version="1.0" encoding="UTF-8"?>
<metadata xml:lang="es"><Esri><CreaDate>20240410</CreaDate><CreaTime>13353500</CreaTime><ArcGISFormat>1.0</ArcGISFormat><SyncOnce>FALSE</SyncOnce><DataProperties><itemProps><itemName Sync="TRUE">cuerpo_de_agua</itemName><imsContentType Sync="TRUE">002</imsContentType><itemLocation><linkage Sync="TRUE">file://\\10.218.108.49\Planeacion\PDUCP\2023\07_cartografia\gdb\PDU2040_2023.gdb</linkage><protocol Sync="TRUE">Local Area Network</protocol></itemLocation></itemProps><coordRef><type Sync="TRUE">Projected</type><geogcsn Sync="TRUE">GCS_ITRF_2008</geogcsn><csUnits Sync="TRUE">Linear Unit: Meter (1.000000)</csUnits><projcsn Sync="TRUE">MEXICO_ITRF_2008_UTM_Zone_13N</projcsn><peXml Sync="TRUE">&lt;ProjectedCoordinateSystem xsi:type='typens:ProjectedCoordinateSystem' xmlns:xsi='http://www.w3.org/2001/XMLSchema-instance' xmlns:xs='http://www.w3.org/2001/XMLSchema' xmlns:typens='http://www.esri.com/schemas/ArcGIS/10.6'&gt;&lt;WKT&gt;PROJCS[&amp;quot;MEXICO_ITRF_2008_UTM_Zone_13N&amp;quot;,GEOGCS[&amp;quot;ITRF_2008&amp;quot;,DATUM[&amp;quot;D_ITRF_2008&amp;quot;,SPHEROID[&amp;quot;GRS_1980&amp;quot;,6378137.0,298.257222101]],PRIMEM[&amp;quot;Greenwich&amp;quot;,0.0],UNIT[&amp;quot;Degree&amp;quot;,0.0174532925199433]],PROJECTION[&amp;quot;Transverse_Mercator&amp;quot;],PARAMETER[&amp;quot;False_Easting&amp;quot;,500000.0],PARAMETER[&amp;quot;False_Northing&amp;quot;,0.0],PARAMETER[&amp;quot;Central_Meridian&amp;quot;,-105.0],PARAMETER[&amp;quot;Scale_Factor&amp;quot;,0.9996],PARAMETER[&amp;quot;Latitude_Of_Origin&amp;quot;,0.0],UNIT[&amp;quot;Meter&amp;quot;,1.0]]&lt;/WKT&gt;&lt;XOrigin&gt;-5120900&lt;/XOrigin&gt;&lt;YOrigin&gt;-9998100&lt;/YOrigin&gt;&lt;XYScale&gt;10000&lt;/XYScale&gt;&lt;ZOrigin&gt;-100000&lt;/ZOrigin&gt;&lt;ZScale&gt;10000&lt;/ZScale&gt;&lt;MOrigin&gt;-100000&lt;/MOrigin&gt;&lt;MScale&gt;10000&lt;/MScale&gt;&lt;XYTolerance&gt;0.001&lt;/XYTolerance&gt;&lt;ZTolerance&gt;0.001&lt;/ZTolerance&gt;&lt;MTolerance&gt;0.001&lt;/MTolerance&gt;&lt;HighPrecision&gt;true&lt;/HighPrecision&gt;&lt;/ProjectedCoordinateSystem&gt;</peXml></coordRef><lineage><Process ToolSource="c:\program files (x86)\arcgis\desktop10.6\ArcToolbox\Toolboxes\Data Management Tools.tbx\Merge" Date="20190305" Time="103927">Merge Z:\gdb\Hidrografia.gdb\Hidrografia\cuerpo_de_agua;N:\Activo\IMPLAN2017\GM1702_Restitucion_Planimetrica\seguimiento\Entrega10\Hidrologia\CuerpodeAgua.shp Z:\gdb_cuu\Hidrografia.gdb\Hidrografia\cuerpo_de_agua "SHAPE_Length "SHAPE_Length" false true true 8 Double 0 0 ,First,#,Z:\gdb\Hidrografia.gdb\Hidrografia\cuerpo_de_agua,SHAPE_Length,-1,-1;SHAPE_Area "SHAPE_Area" false true true 8 Double 0 0 ,First,#,Z:\gdb\Hidrografia.gdb\Hidrografia\cuerpo_de_agua,SHAPE_Area,-1,-1,N:\Activo\IMPLAN2017\GM1702_Restitucion_Planimetrica\seguimiento\Entrega10\Hidrologia\CuerpodeAgua.shp,SHAPE_Area,-1,-1;obj_geo "OBJETO GEOGRÁFICO" true true false 50 Text 0 0 ,First,#,Z:\gdb\Hidrografia.gdb\Hidrografia\cuerpo_de_agua,obj_geo,-1,-1;cod_obj_geo "CÓDIGO DEL OBJETO GEOGRÁFICO" true true false 9 Text 0 0 ,First,#,Z:\gdb\Hidrografia.gdb\Hidrografia\cuerpo_de_agua,cod_obj_geo,-1,-1;cve_ent "CLAVE DEL ESTADO" true true false 2 Text 0 0 ,First,#,Z:\gdb\Hidrografia.gdb\Hidrografia\cuerpo_de_agua,cve_ent,-1,-1,N:\Activo\IMPLAN2017\GM1702_Restitucion_Planimetrica\seguimiento\Entrega10\Hidrologia\CuerpodeAgua.shp,Cve_Ent,-1,-1;cve_mun "CLAVE DEL MUNICIPIO" true true false 3 Text 0 0 ,First,#,Z:\gdb\Hidrografia.gdb\Hidrografia\cuerpo_de_agua,cve_mun,-1,-1,N:\Activo\IMPLAN2017\GM1702_Restitucion_Planimetrica\seguimiento\Entrega10\Hidrologia\CuerpodeAgua.shp,Cve_mun,-1,-1;cve_loc "CLAVE DE LOCALIDAD" true true false 4 Text 0 0 ,First,#,Z:\gdb\Hidrografia.gdb\Hidrografia\cuerpo_de_agua,cve_loc,-1,-1,N:\Activo\IMPLAN2017\GM1702_Restitucion_Planimetrica\seguimiento\Entrega10\Hidrologia\CuerpodeAgua.shp,Cve_loc,-1,-1;cve_cd "CLAVE DE CIUDAD" true true false 2 Text 0 0 ,First,#,Z:\gdb\Hidrografia.gdb\Hidrografia\cuerpo_de_agua,cve_cd,-1,-1;zonif_prm "ZONIFICACIÓN PRIMARIA" true true false 6 Text 0 0 ,First,#,Z:\gdb\Hidrografia.gdb\Hidrografia\cuerpo_de_agua,zonif_prm,-1,-1;jrsdccn "JURISDICCIÓN" true true false 8 Text 0 0 ,First,#,Z:\gdb\Hidrografia.gdb\Hidrografia\cuerpo_de_agua,jrsdccn,-1,-1;cal_pos "CALIFICADOR DE POSICIÓN" true true false 2 Text 0 0 ,First,#,Z:\gdb\Hidrografia.gdb\Hidrografia\cuerpo_de_agua,cal_pos,-1,-1,N:\Activo\IMPLAN2017\GM1702_Restitucion_Planimetrica\seguimiento\Entrega10\Hidrologia\CuerpodeAgua.shp,Cal_pos,-1,-1;fecha_act "FECHA DE ACTUALIZACIÓN" true true false 8 Date 0 0 ,First,#,Z:\gdb\Hidrografia.gdb\Hidrografia\cuerpo_de_agua,fecha_act,-1,-1;a_mod "AÑO DE MODIFICACIÓN" true true false 2 Short 0 0 ,First,#,Z:\gdb\Hidrografia.gdb\Hidrografia\cuerpo_de_agua,a_mod,-1,-1;institucion "INSTITUCIÓN" true true false 50 Text 0 0 ,First,#,Z:\gdb\Hidrografia.gdb\Hidrografia\cuerpo_de_agua,institucion,-1,-1;fte_inf "FUENTE DE INFORMACIÓN" true true false 100 Text 0 0 ,First,#,Z:\gdb\Hidrografia.gdb\Hidrografia\cuerpo_de_agua,fte_inf,-1,-1;cond "CONDICIÓN" true true false 25 Text 0 0 ,First,#,Z:\gdb\Hidrografia.gdb\Hidrografia\cuerpo_de_agua,Cond,-1,-1;nombre "NOMBRE" true true false 100 Text 0 0 ,First,#,Z:\gdb\Hidrografia.gdb\Hidrografia\cuerpo_de_agua,Nombre,-1,-1;obs "obs" true true false 254 Text 0 0 ,First,#,N:\Activo\IMPLAN2017\GM1702_Restitucion_Planimetrica\seguimiento\Entrega10\Hidrologia\CuerpodeAgua.shp,OBS,-1,-1"</Process><Process ToolSource="c:\program files (x86)\arcgis\desktop10.6\ArcToolbox\Toolboxes\Data Management Tools.tbx\CalculateField" Date="20190409" Time="133254">CalculateField cuerpo_de_agua_2014 cve_ent "08" VB #</Process><Process ToolSource="c:\program files (x86)\arcgis\desktop10.6\ArcToolbox\Toolboxes\Data Management Tools.tbx\CalculateField" Date="20190409" Time="133304">CalculateField cuerpo_de_agua_2014 fte_inf "IMPLAN, Subdirección de Catastro" VB #</Process><Process ToolSource="c:\program files (x86)\arcgis\desktop10.7\ArcToolbox\Toolboxes\Data Management Tools.tbx\Append" Date="20190722" Time="141338">Append 'Condicionantes para usos\Area de Borde';'Condicionantes para usos\Condicionado Pluvial';'Condicionantes para usos\Área de Riesgo';'Condicionantes para usos\Uso No Conforme' Z:\gdb_cuu\pdu2040_2016.gdb\planeacion_y_condicionantes\condicionantes NO_TEST "obj_geo "OBJETO GEOGRÁFICO" true true false 50 Text 0 0 ,First,#;cod_obj_geo "CÓDIGO DEL OBJETO GEOGRÁFICO" true true false 9 Text 0 0 ,First,#;cve_ent "CLAVE DEL ESTADO" true true false 2 Text 0 0 ,First,#;cve_mun "CLAVE DEL MUNICIPIO" true true false 3 Text 0 0 ,First,#;cve_loc "CLAVE DE LOCALIDAD" true true false 4 Text 0 0 ,First,#;cve_cd "CLAVE DE CIUDAD" true true false 2 Text 0 0 ,First,#;zonif_prm "ZONIFICACIÓN PRIMARIA" true true false 6 Text 0 0 ,First,#;jrsdccn "JURISDICCIÓN" true true false 8 Text 0 0 ,First,#;cal_pos "CALIFICADOR DE POSICIÓN" true true false 2 Text 0 0 ,First,#;fecha_act "FECHA DE ACTUALIZACIÓN" true true false 8 Date 0 0 ,First,#;a_mod "AÑO DE MODIFICACIÓN" true true false 2 Short 0 0 ,First,#;institucion "INSTITUCIÓN" true true false 50 Text 0 0 ,First,#;fte_inf "FUENTE DE INFORMACIÓN" true true false 100 Text 0 0 ,First,#;Identificador "IDENTIFICADOR" true true false 10 Text 0 0 ,First,#,Condicionantes para usos\Area de Borde,Clave,-1,-1,Condicionantes para usos\Condicionado Pluvial,Clave,-1,-1,Condicionantes para usos\Área de Riesgo,Clave,-1,-1,Condicionantes para usos\Uso No Conforme,Clave,-1,-1;categria "CATEGORÍA" true true false 50 Text 0 0 ,First,#,Condicionantes para usos\Area de Borde,Categria,-1,-1,Condicionantes para usos\Condicionado Pluvial,Categria,-1,-1,Condicionantes para usos\Área de Riesgo,Categria,-1,-1,Condicionantes para usos\Uso No Conforme,Categria,-1,-1;descgen "DESCRIPCIÓN GENERAL" true true false 50 Text 0 0 ,First,#,Condicionantes para usos\Area de Borde,DescGen,-1,-1,Condicionantes para usos\Condicionado Pluvial,DescGen,-1,-1,Condicionantes para usos\Área de Riesgo,DescGen,-1,-1,Condicionantes para usos\Uso No Conforme,DescGen,-1,-1;nombre "NOMBRE" true true false 100 Text 0 0 ,First,#,Condicionantes para usos\Area de Borde,Nombre,-1,-1,Condicionantes para usos\Condicionado Pluvial,Nombre,-1,-1,Condicionantes para usos\Área de Riesgo,Nombre,-1,-1,Condicionantes para usos\Uso No Conforme,Nombre,-1,-1;descrip "DESCRIPCIÓN ESPECÍFICA" true true false 1000 Text 0 0 ,First,#,Condicionantes para usos\Area de Borde,Descrip,-1,-1,Condicionantes para usos\Condicionado Pluvial,Descrip,-1,-1,Condicionantes para usos\Área de Riesgo,Descrip,-1,-1,Condicionantes para usos\Uso No Conforme,Descrip,-1,-1;rfrencia "REFERENCIA PDU2040" true true false 150 Text 0 0 ,First,#,Condicionantes para usos\Area de Borde,Rfrencia,-1,-1,Condicionantes para usos\Condicionado Pluvial,Rfrencia,-1,-1,Condicionantes para usos\Área de Riesgo,Rfrencia,-1,-1,Condicionantes para usos\Uso No Conforme,Rfrencia,-1,-1;sup_has "SUPERFICIE (HAS.)" true true false 8 Double 0 0 ,First,#,Condicionantes para usos\Area de Borde,Sup_Has,-1,-1,Condicionantes para usos\Condicionado Pluvial,Sup_Has,-1,-1,Condicionantes para usos\Área de Riesgo,Sup_Has,-1,-1,Condicionantes para usos\Uso No Conforme,Sup_Has,-1,-1;catplan "CatPlan" true true false 2 Short 0 0 ,First,#,Condicionantes para usos\Area de Borde,CatPlan,-1,-1,Condicionantes para usos\Condicionado Pluvial,CatPlan,-1,-1,Condicionantes para usos\Área de Riesgo,CatPlan,-1,-1,Condicionantes para usos\Uso No Conforme,CatPlan,-1,-1;sup_km2 "SUPERFICIE (KM2.)" true true false 8 Double 0 0 ,First,#,Condicionantes para usos\Uso No Conforme,Sup_Km2,-1,-1;Shape_Length "Shape_Length" false true true 8 Double 0 0 ,First,#,Condicionantes para usos\Area de Borde,Shape_Length,-1,-1,Condicionantes para usos\Condicionado Pluvial,Shape_Length,-1,-1,Condicionantes para usos\Área de Riesgo,SHAPE_Length,-1,-1,Condicionantes para usos\Uso No Conforme,Shape_Length,-1,-1;Shape_Area "Shape_Area" false true true 8 Double 0 0 ,First,#,Condicionantes para usos\Area de Borde,Shape_Area,-1,-1,Condicionantes para usos\Condicionado Pluvial,Shape_Area,-1,-1,Condicionantes para usos\Área de Riesgo,SHAPE_Area,-1,-1,Condicionantes para usos\Uso No Conforme,Shape_Area,-1,-1;buffer "Radio de Amortiguamiento" true true false 8 Double 0 0 ,First,#,Condicionantes para usos\Área de Riesgo,Buffer,-1,-1" #</Process><Process ToolSource="c:\program files (x86)\arcgis\desktop10.7\ArcToolbox\Toolboxes\Data Management Tools.tbx\Append" Date="20190731" Time="135237">Append 'Area de Borde' Z:\gdb_cuu\pdu2040_2016.gdb\planeacion_y_condicionantes\condicionantes_para_usos NO_TEST "obj_geo "OBJETO GEOGRÁFICO" true true false 50 Text 0 0 ,First,#;cod_obj_geo "CÓDIGO DEL OBJETO GEOGRÁFICO" true true false 9 Text 0 0 ,First,#;cve_ent "CLAVE DEL ESTADO" true true false 2 Text 0 0 ,First,#;cve_mun "CLAVE DEL MUNICIPIO" true true false 3 Text 0 0 ,First,#;cve_loc "CLAVE DE LOCALIDAD" true true false 4 Text 0 0 ,First,#;cve_cd "CLAVE DE CIUDAD" true true false 2 Text 0 0 ,First,#;zonif_prm "ZONIFICACIÓN PRIMARIA" true true false 6 Text 0 0 ,First,#;jrsdccn "JURISDICCIÓN" true true false 8 Text 0 0 ,First,#;cal_pos "CALIFICADOR DE POSICIÓN" true true false 2 Text 0 0 ,First,#;fecha_act "FECHA DE ACTUALIZACIÓN" true true false 8 Date 0 0 ,First,#;a_mod "AÑO DE MODIFICACIÓN" true true false 2 Short 0 0 ,First,#;institucion "INSTITUCIÓN" true true false 50 Text 0 0 ,First,#;fte_inf "FUENTE DE INFORMACIÓN" true true false 100 Text 0 0 ,First,#;Identificador "IDENTIFICADOR" true true false 10 Text 0 0 ,First,#;categria "CATEGORÍA" true true false 50 Text 0 0 ,First,#,Area de Borde,Categria,-1,-1;descgen "DESCRIPCIÓN GENERAL" true true false 50 Text 0 0 ,First,#,Area de Borde,DescGen,-1,-1;nombre "NOMBRE" true true false 100 Text 0 0 ,First,#,Area de Borde,Nombre,-1,-1;descrip "DESCRIPCIÓN ESPECÍFICA" true true false 1000 Text 0 0 ,First,#,Area de Borde,Descrip,-1,-1;rfrencia "REFERENCIA PDU2040" true true false 150 Text 0 0 ,First,#,Area de Borde,Rfrencia,-1,-1;sup_has "SUPERFICIE (HAS.)" true true false 8 Double 0 0 ,First,#,Area de Borde,Sup_Has,-1,-1;catplan "CatPlan" true true false 2 Short 0 0 ,First,#,Area de Borde,CatPlan,-1,-1;sup_km2 "SUPERFICIE (KM2.)" true true false 8 Double 0 0 ,First,#;Shape_Length "Shape_Length" false true true 8 Double 0 0 ,First,#,Area de Borde,Shape_Length,-1,-1;Shape_Area "Shape_Area" false true true 8 Double 0 0 ,First,#,Area de Borde,Shape_Area,-1,-1;buffer "Radio de Amortiguamiento" true true false 8 Double 0 0 ,First,#;tp_cond "TIPO DE CONDICIONANTES PARA USOS" true true false 2 Short 0 0 ,First,#" #</Process><Process ToolSource="c:\program files (x86)\arcgis\desktop10.7\ArcToolbox\Toolboxes\Data Management Tools.tbx\CalculateField" Date="20190731" Time="135324">CalculateField condicionantes_para_usos tp_cond "01" VB #</Process><Process ToolSource="c:\program files (x86)\arcgis\desktop10.7\ArcToolbox\Toolboxes\Data Management Tools.tbx\Append" Date="20190731" Time="135423">Append 'Condicionado Pluvial' Z:\gdb_cuu\pdu2040_2016.gdb\planeacion_y_condicionantes\condicionantes_para_usos NO_TEST "obj_geo "OBJETO GEOGRÁFICO" true true false 50 Text 0 0 ,First,#;cod_obj_geo "CÓDIGO DEL OBJETO GEOGRÁFICO" true true false 9 Text 0 0 ,First,#;cve_ent "CLAVE DEL ESTADO" true true false 2 Text 0 0 ,First,#;cve_mun "CLAVE DEL MUNICIPIO" true true false 3 Text 0 0 ,First,#;cve_loc "CLAVE DE LOCALIDAD" true true false 4 Text 0 0 ,First,#;cve_cd "CLAVE DE CIUDAD" true true false 2 Text 0 0 ,First,#;zonif_prm "ZONIFICACIÓN PRIMARIA" true true false 6 Text 0 0 ,First,#;jrsdccn "JURISDICCIÓN" true true false 8 Text 0 0 ,First,#;cal_pos "CALIFICADOR DE POSICIÓN" true true false 2 Text 0 0 ,First,#;fecha_act "FECHA DE ACTUALIZACIÓN" true true false 8 Date 0 0 ,First,#;a_mod "AÑO DE MODIFICACIÓN" true true false 2 Short 0 0 ,First,#;institucion "INSTITUCIÓN" true true false 50 Text 0 0 ,First,#;fte_inf "FUENTE DE INFORMACIÓN" true true false 100 Text 0 0 ,First,#;Identificador "IDENTIFICADOR" true true false 10 Text 0 0 ,First,#,Condicionado Pluvial,Clave,-1,-1;categria "CATEGORÍA" true true false 50 Text 0 0 ,First,#,Condicionado Pluvial,Categria,-1,-1;descgen "DESCRIPCIÓN GENERAL" true true false 50 Text 0 0 ,First,#,Condicionado Pluvial,DescGen,-1,-1;nombre "NOMBRE" true true false 100 Text 0 0 ,First,#,Condicionado Pluvial,Nombre,-1,-1;descrip "DESCRIPCIÓN ESPECÍFICA" true true false 1000 Text 0 0 ,First,#,Condicionado Pluvial,Descrip,-1,-1;rfrencia "REFERENCIA PDU2040" true true false 150 Text 0 0 ,First,#,Condicionado Pluvial,Rfrencia,-1,-1;sup_has "SUPERFICIE (HAS.)" true true false 8 Double 0 0 ,First,#,Condicionado Pluvial,Sup_Has,-1,-1;catplan "CatPlan" true true false 2 Short 0 0 ,First,#,Condicionado Pluvial,CatPlan,-1,-1;sup_km2 "SUPERFICIE (KM2.)" true true false 8 Double 0 0 ,First,#;Shape_Length "Shape_Length" false true true 8 Double 0 0 ,First,#,Condicionado Pluvial,Shape_Length,-1,-1;Shape_Area "Shape_Area" false true true 8 Double 0 0 ,First,#,Condicionado Pluvial,Shape_Area,-1,-1;buffer "Radio de Amortiguamiento" true true false 8 Double 0 0 ,First,#;tp_cond "TIPO DE CONDICIONANTES PARA USOS" true true false 2 Short 0 0 ,First,#" #</Process><Process ToolSource="c:\program files (x86)\arcgis\desktop10.7\ArcToolbox\Toolboxes\Data Management Tools.tbx\CalculateField" Date="20190731" Time="135451">CalculateField condicionantes_para_usos tp_cond "02" VB #</Process><Process ToolSource="c:\program files (x86)\arcgis\desktop10.7\ArcToolbox\Toolboxes\Data Management Tools.tbx\Append" Date="20190731" Time="135539">Append 'Área de Riesgo' Z:\gdb_cuu\pdu2040_2016.gdb\planeacion_y_condicionantes\condicionantes_para_usos NO_TEST "obj_geo "OBJETO GEOGRÁFICO" true true false 50 Text 0 0 ,First,#;cod_obj_geo "CÓDIGO DEL OBJETO GEOGRÁFICO" true true false 9 Text 0 0 ,First,#;cve_ent "CLAVE DEL ESTADO" true true false 2 Text 0 0 ,First,#;cve_mun "CLAVE DEL MUNICIPIO" true true false 3 Text 0 0 ,First,#;cve_loc "CLAVE DE LOCALIDAD" true true false 4 Text 0 0 ,First,#;cve_cd "CLAVE DE CIUDAD" true true false 2 Text 0 0 ,First,#;zonif_prm "ZONIFICACIÓN PRIMARIA" true true false 6 Text 0 0 ,First,#;jrsdccn "JURISDICCIÓN" true true false 8 Text 0 0 ,First,#;cal_pos "CALIFICADOR DE POSICIÓN" true true false 2 Text 0 0 ,First,#;fecha_act "FECHA DE ACTUALIZACIÓN" true true false 8 Date 0 0 ,First,#;a_mod "AÑO DE MODIFICACIÓN" true true false 2 Short 0 0 ,First,#;institucion "INSTITUCIÓN" true true false 50 Text 0 0 ,First,#;fte_inf "FUENTE DE INFORMACIÓN" true true false 100 Text 0 0 ,First,#;Identificador "IDENTIFICADOR" true true false 10 Text 0 0 ,First,#,Área de Riesgo,Clave,-1,-1;categria "CATEGORÍA" true true false 50 Text 0 0 ,First,#,Área de Riesgo,Categria,-1,-1;descgen "DESCRIPCIÓN GENERAL" true true false 50 Text 0 0 ,First,#,Área de Riesgo,DescGen,-1,-1;nombre "NOMBRE" true true false 100 Text 0 0 ,First,#,Área de Riesgo,Nombre,-1,-1;descrip "DESCRIPCIÓN ESPECÍFICA" true true false 1000 Text 0 0 ,First,#,Área de Riesgo,Descrip,-1,-1;rfrencia "REFERENCIA PDU2040" true true false 150 Text 0 0 ,First,#,Área de Riesgo,Rfrencia,-1,-1;sup_has "SUPERFICIE (HAS.)" true true false 8 Double 0 0 ,First,#,Área de Riesgo,Sup_Has,-1,-1;catplan "CatPlan" true true false 2 Short 0 0 ,First,#,Área de Riesgo,CatPlan,-1,-1;sup_km2 "SUPERFICIE (KM2.)" true true false 8 Double 0 0 ,First,#;Shape_Length "Shape_Length" false true true 8 Double 0 0 ,First,#,Área de Riesgo,SHAPE_Length,-1,-1;Shape_Area "Shape_Area" false true true 8 Double 0 0 ,First,#,Área de Riesgo,SHAPE_Area,-1,-1;buffer "Radio de Amortiguamiento" true true false 8 Double 0 0 ,First,#,Área de Riesgo,Buffer,-1,-1;tp_cond "TIPO DE CONDICIONANTES PARA USOS" true true false 2 Short 0 0 ,First,#" #</Process><Process ToolSource="c:\program files (x86)\arcgis\desktop10.7\ArcToolbox\Toolboxes\Data Management Tools.tbx\CalculateField" Date="20190731" Time="135609">CalculateField condicionantes_para_usos tp_cond "03" VB #</Process><Process ToolSource="c:\program files (x86)\arcgis\desktop10.7\ArcToolbox\Toolboxes\Data Management Tools.tbx\Append" Date="20190731" Time="135655">Append 'Uso No Conforme' Z:\gdb_cuu\pdu2040_2016.gdb\planeacion_y_condicionantes\condicionantes_para_usos NO_TEST "obj_geo "OBJETO GEOGRÁFICO" true true false 50 Text 0 0 ,First,#;cod_obj_geo "CÓDIGO DEL OBJETO GEOGRÁFICO" true true false 9 Text 0 0 ,First,#;cve_ent "CLAVE DEL ESTADO" true true false 2 Text 0 0 ,First,#;cve_mun "CLAVE DEL MUNICIPIO" true true false 3 Text 0 0 ,First,#;cve_loc "CLAVE DE LOCALIDAD" true true false 4 Text 0 0 ,First,#;cve_cd "CLAVE DE CIUDAD" true true false 2 Text 0 0 ,First,#;zonif_prm "ZONIFICACIÓN PRIMARIA" true true false 6 Text 0 0 ,First,#;jrsdccn "JURISDICCIÓN" true true false 8 Text 0 0 ,First,#;cal_pos "CALIFICADOR DE POSICIÓN" true true false 2 Text 0 0 ,First,#;fecha_act "FECHA DE ACTUALIZACIÓN" true true false 8 Date 0 0 ,First,#;a_mod "AÑO DE MODIFICACIÓN" true true false 2 Short 0 0 ,First,#;institucion "INSTITUCIÓN" true true false 50 Text 0 0 ,First,#;fte_inf "FUENTE DE INFORMACIÓN" true true false 100 Text 0 0 ,First,#;Identificador "IDENTIFICADOR" true true false 10 Text 0 0 ,First,#,Uso No Conforme,Clave,-1,-1;categria "CATEGORÍA" true true false 50 Text 0 0 ,First,#,Uso No Conforme,Categria,-1,-1;descgen "DESCRIPCIÓN GENERAL" true true false 50 Text 0 0 ,First,#,Uso No Conforme,DescGen,-1,-1;nombre "NOMBRE" true true false 100 Text 0 0 ,First,#,Uso No Conforme,Nombre,-1,-1;descrip "DESCRIPCIÓN ESPECÍFICA" true true false 1000 Text 0 0 ,First,#,Uso No Conforme,Descrip,-1,-1;rfrencia "REFERENCIA PDU2040" true true false 150 Text 0 0 ,First,#,Uso No Conforme,Rfrencia,-1,-1;sup_has "SUPERFICIE (HAS.)" true true false 8 Double 0 0 ,First,#,Uso No Conforme,Sup_Has,-1,-1;catplan "CatPlan" true true false 2 Short 0 0 ,First,#,Uso No Conforme,CatPlan,-1,-1;sup_km2 "SUPERFICIE (KM2.)" true true false 8 Double 0 0 ,First,#,Uso No Conforme,Sup_Km2,-1,-1;Shape_Length "Shape_Length" false true true 8 Double 0 0 ,First,#,Uso No Conforme,Shape_Length,-1,-1;Shape_Area "Shape_Area" false true true 8 Double 0 0 ,First,#,Uso No Conforme,Shape_Area,-1,-1;buffer "Radio de Amortiguamiento" true true false 8 Double 0 0 ,First,#;tp_cond "TIPO DE CONDICIONANTES PARA USOS" true true false 2 Short 0 0 ,First,#" #</Process><Process ToolSource="c:\program files (x86)\arcgis\desktop10.7\ArcToolbox\Toolboxes\Data Management Tools.tbx\CalculateField" Date="20190731" Time="135732">CalculateField condicionantes_para_usos tp_cond "04" VB #</Process><Process ToolSource="c:\program files (x86)\arcgis\desktop10.7\ArcToolbox\Toolboxes\Data Management Tools.tbx\CalculateField" Date="20190731" Time="135759">CalculateField "Condicionantes para usos" cve_ent "08" VB #</Process><Process ToolSource="c:\program files (x86)\arcgis\desktop10.7\ArcToolbox\Toolboxes\Data Management Tools.tbx\CalculateField" Date="20190731" Time="135807">CalculateField "Condicionantes para usos" cve_mun "019" VB #</Process><Process ToolSource="c:\program files (x86)\arcgis\desktop10.7\ArcToolbox\Toolboxes\Data Management Tools.tbx\CalculateField" Date="20190731" Time="135815">CalculateField "Condicionantes para usos" cve_loc "0001" VB #</Process><Process ToolSource="c:\program files (x86)\arcgis\desktop10.7\ArcToolbox\Toolboxes\Data Management Tools.tbx\CalculateField" Date="20190731" Time="135824">CalculateField "Condicionantes para usos" cve_cd "20" VB #</Process><Process ToolSource="c:\program files (x86)\arcgis\desktop10.7\ArcToolbox\Toolboxes\Data Management Tools.tbx\CalculateField" Date="20190731" Time="135918">CalculateField "Condicionantes para usos" jrsdccn "IN_CPCUU" VB #</Process><Process ToolSource="c:\program files (x86)\arcgis\desktop10.7\ArcToolbox\Toolboxes\Data Management Tools.tbx\CalculateField" Date="20190731" Time="135939">CalculateField "Condicionantes para usos" institucion "INSTITUTO MUNICIPAL DE PLANEACIÒN DE CHIHUAHUA" VB #</Process><Process ToolSource="c:\program files (x86)\arcgis\desktop10.7\ArcToolbox\Toolboxes\Data Management Tools.tbx\CalculateField" Date="20190805" Time="105839">CalculateField "Condicionantes para usos" rfrencia "Carta de diagnóstico: PDU2040-DG-901 - Riesgos Antropogénicos." VB #</Process><Process ToolSource="c:\program files (x86)\arcgis\desktop10.7\ArcToolbox\Toolboxes\Data Management Tools.tbx\CalculateField" Date="20190806" Time="101656">CalculateField "Condicionantes para usos" descrip "Zona situada en un área que se entenderá como el límite del área urbana y su destino e intensidad de uso habrá de corresponder a la indicada por la zonificación secundaria. Sin embargo, por su situación en relación inmediata con el contexto natural, además estará condicionado a un Plan Maestro de Urbanización." VB #</Process><Process ToolSource="c:\program files (x86)\arcgis\desktop10.7\ArcToolbox\Toolboxes\Data Management Tools.tbx\CalculateField" Date="20200404" Time="220903">CalculateField "Condicionantes para usos" obj_geo "condicionante_para_usos" VB #</Process><Process ToolSource="c:\program files (x86)\arcgis\desktop10.7\ArcToolbox\Toolboxes\Data Management Tools.tbx\CalculateField" Date="20200404" Time="220953">CalculateField "Condicionantes para usos" cal_pos "01" VB #</Process><Process ToolSource="c:\program files (x86)\arcgis\desktop10.7\ArcToolbox\Toolboxes\Data Management Tools.tbx\CalculateField" Date="20200404" Time="221032">CalculateField "Condicionantes para usos" fecha_act "26/08/2016" VB #</Process><Process ToolSource="c:\program files (x86)\arcgis\desktop10.7\ArcToolbox\Toolboxes\Data Management Tools.tbx\CalculateField" Date="20200404" Time="221045">CalculateField "Condicionantes para usos" a_mod "2016" VB #</Process><Process ToolSource="c:\program files (x86)\arcgis\desktop10.7\ArcToolbox\Toolboxes\Data Management Tools.tbx\CalculateField" Date="20200404" Time="221112">CalculateField "Condicionantes para usos" fte_inf "IMPLAN, DDUE" VB #</Process><Process ToolSource="c:\program files (x86)\arcgis\desktop10.7\ArcToolbox\Toolboxes\Data Management Tools.tbx\CalculateField" Date="20200405" Time="002043">CalculateField "Condicionantes para usos" fte_inf "IMPLAN" VB #</Process><Process ToolSource="c:\program files (x86)\arcgis\desktop10.8\ArcToolbox\Toolboxes\Data Management Tools.tbx\CalculateField" Date="20210908" Time="182906">CalculateField "Condicionantes para usos" institucion "IMPLAN" VB #</Process><Process ToolSource="c:\program files (x86)\arcgis\desktop10.8\ArcToolbox\Toolboxes\Data Management Tools.tbx\CalculateField" Date="20210910" Time="073153">CalculateField "Ordenamiento Territorial y Desarrollo Urbano\PDU2040 (6ta actualización, sept. 2021, vigente)\Condicionantes para usos" a_mod 2021 VB #</Process><Process ToolSource="c:\program files (x86)\arcgis\desktop10.8\ArcToolbox\Toolboxes\Data Management Tools.tbx\CalculateField" Date="20210910" Time="073239">CalculateField "Ordenamiento Territorial y Desarrollo Urbano\PDU2040 (6ta actualización, sept. 2021, vigente)\Condicionantes para usos" fecha_act 09/07/2021 VB #</Process><Process ToolSource="c:\program files (x86)\arcgis\desktop10.8\ArcToolbox\Toolboxes\Data Management Tools.tbx\CalculateField" Date="20210910" Time="073314">CalculateField "Ordenamiento Territorial y Desarrollo Urbano\PDU2040 (6ta actualización, sept. 2021, vigente)\Condicionantes para usos" fecha_act "09/07/2021" VB #</Process><Process ToolSource="c:\program files (x86)\arcgis\desktop10.8\ArcToolbox\Toolboxes\Data Management Tools.tbx\CalculateField" Date="20210910" Time="073824">CalculateField "Ordenamiento Territorial y Desarrollo Urbano\PDU2040 (6ta actualización, sept. 2021, vigente)\Condicionantes para usos" fte_inf "IMPLAN, DDUE" VB #</Process><Process ToolSource="c:\program files\arcgis\pro\Resources\ArcToolbox\Toolboxes\Data Management Tools.tbx\UpdateSchema" Date="20240215" Time="151133">UpdateSchema "CIMDATA=&lt;CIMFeatureDatasetDataConnection xsi:type='typens:CIMFeatureDatasetDataConnection' xmlns:xsi='http://www.w3.org/2001/XMLSchema-instance' xmlns:xs='http://www.w3.org/2001/XMLSchema' xmlns:typens='http://www.esri.com/schemas/ArcGIS/3.2.0'&gt;&lt;FeatureDataset&gt;planeacion_y_condicionantes&lt;/FeatureDataset&gt;&lt;WorkspaceConnectionString&gt;DATABASE=T:\PDUCP\2023\07_cartografia\gdb\PDU2040_2023.gdb&lt;/WorkspaceConnectionString&gt;&lt;WorkspaceFactory&gt;FileGDB&lt;/WorkspaceFactory&gt;&lt;Dataset&gt;condicionantes_para_usos_2023&lt;/Dataset&gt;&lt;DatasetType&gt;esriDTFeatureClass&lt;/DatasetType&gt;&lt;/CIMFeatureDatasetDataConnection&gt;" "&lt;operationSequence&gt;&lt;workflow&gt;&lt;AlterField&gt;&lt;field_name&gt;obj_geo&lt;/field_name&gt;&lt;field_alias&gt;Objeto Geográfico&lt;/field_alias&gt;&lt;field_type&gt;TEXT&lt;/field_type&gt;&lt;field_is_nullable&gt;True&lt;/field_is_nullable&gt;&lt;clear_field_alias&gt;False&lt;/clear_field_alias&gt;&lt;/AlterField&gt;&lt;/workflow&gt;&lt;workflow&gt;&lt;AlterField&gt;&lt;field_name&gt;cod_obj_geo&lt;/field_name&gt;&lt;field_alias&gt;Código del Objeto Geográfico&lt;/field_alias&gt;&lt;field_type&gt;TEXT&lt;/field_type&gt;&lt;field_is_nullable&gt;True&lt;/field_is_nullable&gt;&lt;clear_field_alias&gt;False&lt;/clear_field_alias&gt;&lt;/AlterField&gt;&lt;/workflow&gt;&lt;workflow&gt;&lt;AlterField&gt;&lt;field_name&gt;cve_ent&lt;/field_name&gt;&lt;field_alias&gt;Clave del Estado&lt;/field_alias&gt;&lt;field_type&gt;TEXT&lt;/field_type&gt;&lt;field_is_nullable&gt;True&lt;/field_is_nullable&gt;&lt;clear_field_alias&gt;False&lt;/clear_field_alias&gt;&lt;/AlterField&gt;&lt;/workflow&gt;&lt;workflow&gt;&lt;AlterField&gt;&lt;field_name&gt;cve_mun&lt;/field_name&gt;&lt;field_alias&gt;Clave del Municipio&lt;/field_alias&gt;&lt;field_type&gt;TEXT&lt;/field_type&gt;&lt;field_is_nullable&gt;True&lt;/field_is_nullable&gt;&lt;clear_field_alias&gt;False&lt;/clear_field_alias&gt;&lt;/AlterField&gt;&lt;/workflow&gt;&lt;workflow&gt;&lt;AlterField&gt;&lt;field_name&gt;cve_loc&lt;/field_name&gt;&lt;field_alias&gt;Clave de Localidad&lt;/field_alias&gt;&lt;field_type&gt;TEXT&lt;/field_type&gt;&lt;field_is_nullable&gt;True&lt;/field_is_nullable&gt;&lt;clear_field_alias&gt;False&lt;/clear_field_alias&gt;&lt;/AlterField&gt;&lt;/workflow&gt;&lt;workflow&gt;&lt;AlterField&gt;&lt;field_name&gt;cve_cd&lt;/field_name&gt;&lt;field_alias&gt;Clave de Ciudad&lt;/field_alias&gt;&lt;field_type&gt;TEXT&lt;/field_type&gt;&lt;field_is_nullable&gt;True&lt;/field_is_nullable&gt;&lt;clear_field_alias&gt;False&lt;/clear_field_alias&gt;&lt;/AlterField&gt;&lt;/workflow&gt;&lt;workflow&gt;&lt;AlterField&gt;&lt;field_name&gt;zonif_prm&lt;/field_name&gt;&lt;field_alias&gt;Zonificación Primaria&lt;/field_alias&gt;&lt;field_type&gt;TEXT&lt;/field_type&gt;&lt;field_is_nullable&gt;True&lt;/field_is_nullable&gt;&lt;clear_field_alias&gt;False&lt;/clear_field_alias&gt;&lt;/AlterField&gt;&lt;/workflow&gt;&lt;workflow&gt;&lt;AlterField&gt;&lt;field_name&gt;jrsdccn&lt;/field_name&gt;&lt;field_alias&gt;Jurisdicción&lt;/field_alias&gt;&lt;field_type&gt;TEXT&lt;/field_type&gt;&lt;field_is_nullable&gt;True&lt;/field_is_nullable&gt;&lt;clear_field_alias&gt;False&lt;/clear_field_alias&gt;&lt;/AlterField&gt;&lt;/workflow&gt;&lt;workflow&gt;&lt;AlterField&gt;&lt;field_name&gt;cal_pos&lt;/field_name&gt;&lt;field_alias&gt;Calificador de Posición&lt;/field_alias&gt;&lt;field_type&gt;TEXT&lt;/field_type&gt;&lt;field_is_nullable&gt;True&lt;/field_is_nullable&gt;&lt;clear_field_alias&gt;False&lt;/clear_field_alias&gt;&lt;/AlterField&gt;&lt;/workflow&gt;&lt;workflow&gt;&lt;AlterField&gt;&lt;field_name&gt;fecha_act&lt;/field_name&gt;&lt;field_alias&gt;Fecha de Actualización&lt;/field_alias&gt;&lt;field_is_nullable&gt;True&lt;/field_is_nullable&gt;&lt;clear_field_alias&gt;False&lt;/clear_field_alias&gt;&lt;/AlterField&gt;&lt;/workflow&gt;&lt;workflow&gt;&lt;AlterField&gt;&lt;field_name&gt;a_mod&lt;/field_name&gt;&lt;new_field_name&gt;a_act&lt;/new_field_name&gt;&lt;field_alias&gt;Año de Actualización&lt;/field_alias&gt;&lt;field_is_nullable&gt;True&lt;/field_is_nullable&gt;&lt;clear_field_alias&gt;False&lt;/clear_field_alias&gt;&lt;/AlterField&gt;&lt;/workflow&gt;&lt;workflow&gt;&lt;AlterField&gt;&lt;field_name&gt;institucion&lt;/field_name&gt;&lt;field_alias&gt;Institución&lt;/field_alias&gt;&lt;field_type&gt;TEXT&lt;/field_type&gt;&lt;field_is_nullable&gt;True&lt;/field_is_nullable&gt;&lt;clear_field_alias&gt;False&lt;/clear_field_alias&gt;&lt;/AlterField&gt;&lt;/workflow&gt;&lt;workflow&gt;&lt;AlterField&gt;&lt;field_name&gt;fte_inf&lt;/field_name&gt;&lt;field_alias&gt;Origen de la Información&lt;/field_alias&gt;&lt;field_type&gt;TEXT&lt;/field_type&gt;&lt;field_is_nullable&gt;True&lt;/field_is_nullable&gt;&lt;clear_field_alias&gt;False&lt;/clear_field_alias&gt;&lt;/AlterField&gt;&lt;/workflow&gt;&lt;workflow&gt;&lt;AlterField&gt;&lt;field_name&gt;Identificador&lt;/field_name&gt;&lt;field_alias&gt;Identificador&lt;/field_alias&gt;&lt;field_type&gt;TEXT&lt;/field_type&gt;&lt;field_is_nullable&gt;True&lt;/field_is_nullable&gt;&lt;clear_field_alias&gt;False&lt;/clear_field_alias&gt;&lt;/AlterField&gt;&lt;/workflow&gt;&lt;workflow&gt;&lt;AlterField&gt;&lt;field_name&gt;categria&lt;/field_name&gt;&lt;field_alias&gt;Categoría&lt;/field_alias&gt;&lt;field_type&gt;TEXT&lt;/field_type&gt;&lt;field_is_nullable&gt;True&lt;/field_is_nullable&gt;&lt;clear_field_alias&gt;False&lt;/clear_field_alias&gt;&lt;/AlterField&gt;&lt;/workflow&gt;&lt;workflow&gt;&lt;AlterField&gt;&lt;field_name&gt;descgen&lt;/field_name&gt;&lt;field_alias&gt;Descripción General&lt;/field_alias&gt;&lt;field_type&gt;TEXT&lt;/field_type&gt;&lt;field_is_nullable&gt;True&lt;/field_is_nullable&gt;&lt;clear_field_alias&gt;False&lt;/clear_field_alias&gt;&lt;/AlterField&gt;&lt;/workflow&gt;&lt;/operationSequence&gt;"</Process><Process ToolSource="c:\program files\arcgis\pro\Resources\ArcToolbox\toolboxes\Data Management Tools.tbx\UpdateSchema" Date="20240221" Time="161711">UpdateSchema "CIMDATA=&lt;CIMFeatureDatasetDataConnection xsi:type='typens:CIMFeatureDatasetDataConnection' xmlns:xsi='http://www.w3.org/2001/XMLSchema-instance' xmlns:xs='http://www.w3.org/2001/XMLSchema' xmlns:typens='http://www.esri.com/schemas/ArcGIS/3.2.0'&gt;&lt;FeatureDataset&gt;planeacion_y_condicionantes&lt;/FeatureDataset&gt;&lt;WorkspaceConnectionString&gt;DATABASE=T:\PDUCP\2023\07_cartografia\gdb\PDU2040_2023.gdb&lt;/WorkspaceConnectionString&gt;&lt;WorkspaceFactory&gt;FileGDB&lt;/WorkspaceFactory&gt;&lt;Dataset&gt;condicionantes_para_usos_2023&lt;/Dataset&gt;&lt;DatasetType&gt;esriDTFeatureClass&lt;/DatasetType&gt;&lt;/CIMFeatureDatasetDataConnection&gt;" "&lt;operationSequence&gt;&lt;workflow&gt;&lt;AssignDomainToField&gt;&lt;field_name&gt;cve_ent&lt;/field_name&gt;&lt;domain_name&gt;cve_ent&lt;/domain_name&gt;&lt;/AssignDomainToField&gt;&lt;/workflow&gt;&lt;workflow&gt;&lt;AssignDomainToField&gt;&lt;field_name&gt;jrsdccn&lt;/field_name&gt;&lt;domain_name&gt;jrsdccn&lt;/domain_name&gt;&lt;/AssignDomainToField&gt;&lt;/workflow&gt;&lt;workflow&gt;&lt;AlterField&gt;&lt;field_name&gt;nombre&lt;/field_name&gt;&lt;field_alias&gt;Nombre&lt;/field_alias&gt;&lt;field_type&gt;TEXT&lt;/field_type&gt;&lt;field_is_nullable&gt;True&lt;/field_is_nullable&gt;&lt;clear_field_alias&gt;False&lt;/clear_field_alias&gt;&lt;/AlterField&gt;&lt;/workflow&gt;&lt;workflow&gt;&lt;AlterField&gt;&lt;field_name&gt;descrip&lt;/field_name&gt;&lt;field_alias&gt;Descripción Específica&lt;/field_alias&gt;&lt;field_type&gt;TEXT&lt;/field_type&gt;&lt;field_is_nullable&gt;True&lt;/field_is_nullable&gt;&lt;clear_field_alias&gt;False&lt;/clear_field_alias&gt;&lt;/AlterField&gt;&lt;/workflow&gt;&lt;workflow&gt;&lt;AlterField&gt;&lt;field_name&gt;rfrencia&lt;/field_name&gt;&lt;field_alias&gt;Referencia en documento&lt;/field_alias&gt;&lt;field_type&gt;TEXT&lt;/field_type&gt;&lt;field_is_nullable&gt;True&lt;/field_is_nullable&gt;&lt;clear_field_alias&gt;False&lt;/clear_field_alias&gt;&lt;/AlterField&gt;&lt;/workflow&gt;&lt;workflow&gt;&lt;AlterField&gt;&lt;field_name&gt;sup_has&lt;/field_name&gt;&lt;new_field_name&gt;sup_ha&lt;/new_field_name&gt;&lt;field_alias&gt;Superficie (ha)&lt;/field_alias&gt;&lt;field_is_nullable&gt;True&lt;/field_is_nullable&gt;&lt;clear_field_alias&gt;False&lt;/clear_field_alias&gt;&lt;/AlterField&gt;&lt;/workflow&gt;&lt;workflow&gt;&lt;AlterField&gt;&lt;field_name&gt;sup_km2&lt;/field_name&gt;&lt;field_alias&gt;Superficie (km2)&lt;/field_alias&gt;&lt;field_is_nullable&gt;True&lt;/field_is_nullable&gt;&lt;clear_field_alias&gt;False&lt;/clear_field_alias&gt;&lt;/AlterField&gt;&lt;/workflow&gt;&lt;workflow&gt;&lt;AlterField&gt;&lt;field_name&gt;tp_cond&lt;/field_name&gt;&lt;field_alias&gt;Tipo de Condicionante para Uso&lt;/field_alias&gt;&lt;field_is_nullable&gt;True&lt;/field_is_nullable&gt;&lt;clear_field_alias&gt;False&lt;/clear_field_alias&gt;&lt;/AlterField&gt;&lt;/workflow&gt;&lt;/operationSequence&gt;"</Process><Process ToolSource="c:\program files\arcgis\pro\Resources\ArcToolbox\toolboxes\Data Management Tools.tbx\UpdateSchema" Date="20240221" Time="162559">UpdateSchema "CIMDATA=&lt;CIMFeatureDatasetDataConnection xsi:type='typens:CIMFeatureDatasetDataConnection' xmlns:xsi='http://www.w3.org/2001/XMLSchema-instance' xmlns:xs='http://www.w3.org/2001/XMLSchema' xmlns:typens='http://www.esri.com/schemas/ArcGIS/3.2.0'&gt;&lt;FeatureDataset&gt;planeacion_y_condicionantes&lt;/FeatureDataset&gt;&lt;WorkspaceConnectionString&gt;DATABASE=T:\PDUCP\2023\07_cartografia\gdb\PDU2040_2023.gdb&lt;/WorkspaceConnectionString&gt;&lt;WorkspaceFactory&gt;FileGDB&lt;/WorkspaceFactory&gt;&lt;Dataset&gt;condicionantes_para_usos_2023&lt;/Dataset&gt;&lt;DatasetType&gt;esriDTFeatureClass&lt;/DatasetType&gt;&lt;/CIMFeatureDatasetDataConnection&gt;" "&lt;operationSequence&gt;&lt;workflow&gt;&lt;AlterField&gt;&lt;field_name&gt;cve_cd&lt;/field_name&gt;&lt;new_field_name&gt;cve_zm&lt;/new_field_name&gt;&lt;field_alias&gt;Clave de Zona Metropolitana&lt;/field_alias&gt;&lt;field_type&gt;TEXT&lt;/field_type&gt;&lt;field_length&gt;8&lt;/field_length&gt;&lt;field_is_nullable&gt;True&lt;/field_is_nullable&gt;&lt;clear_field_alias&gt;False&lt;/clear_field_alias&gt;&lt;/AlterField&gt;&lt;AssignDefaultToField&gt;&lt;field_name&gt;cve_zm&lt;/field_name&gt;&lt;default_value&gt; 08.1.01&lt;/default_value&gt;&lt;/AssignDefaultToField&gt;&lt;/workflow&gt;&lt;workflow&gt;&lt;AlterField&gt;&lt;field_name&gt;cal_pos&lt;/field_name&gt;&lt;field_type&gt;TEXT&lt;/field_type&gt;&lt;field_length&gt;12&lt;/field_length&gt;&lt;field_is_nullable&gt;True&lt;/field_is_nullable&gt;&lt;clear_field_alias&gt;False&lt;/clear_field_alias&gt;&lt;/AlterField&gt;&lt;/workflow&gt;&lt;/operationSequence&gt;"</Process><Process ToolSource="c:\program files\arcgis\pro\Resources\ArcToolbox\toolboxes\Data Management Tools.tbx\CalculateField" Date="20240221" Time="162717">CalculateField "Condicionantes para usos" cve_zm "08.1.01" Python # Text NO_ENFORCE_DOMAINS</Process><Process ToolSource="c:\program files\arcgis\pro\Resources\ArcToolbox\toolboxes\Data Management Tools.tbx\UpdateSchema" Date="20240221" Time="163434">UpdateSchema "CIMDATA=&lt;CIMFeatureDatasetDataConnection xsi:type='typens:CIMFeatureDatasetDataConnection' xmlns:xsi='http://www.w3.org/2001/XMLSchema-instance' xmlns:xs='http://www.w3.org/2001/XMLSchema' xmlns:typens='http://www.esri.com/schemas/ArcGIS/3.2.0'&gt;&lt;FeatureDataset&gt;planeacion_y_condicionantes&lt;/FeatureDataset&gt;&lt;WorkspaceConnectionString&gt;DATABASE=T:\PDUCP\2023\07_cartografia\gdb\PDU2040_2023.gdb&lt;/WorkspaceConnectionString&gt;&lt;WorkspaceFactory&gt;FileGDB&lt;/WorkspaceFactory&gt;&lt;Dataset&gt;condicionantes_para_usos_2023&lt;/Dataset&gt;&lt;DatasetType&gt;esriDTFeatureClass&lt;/DatasetType&gt;&lt;/CIMFeatureDatasetDataConnection&gt;" &lt;operationSequence&gt;&lt;workflow&gt;&lt;AssignDomainToField&gt;&lt;field_name&gt;jrsdccn&lt;/field_name&gt;&lt;domain_name&gt;jrsdccn&lt;/domain_name&gt;&lt;/AssignDomainToField&gt;&lt;/workflow&gt;&lt;/operationSequence&gt;</Process><Process ToolSource="c:\program files\arcgis\pro\Resources\ArcToolbox\toolboxes\Data Management Tools.tbx\UpdateSchema" Date="20240221" Time="163534">UpdateSchema "CIMDATA=&lt;CIMFeatureDatasetDataConnection xsi:type='typens:CIMFeatureDatasetDataConnection' xmlns:xsi='http://www.w3.org/2001/XMLSchema-instance' xmlns:xs='http://www.w3.org/2001/XMLSchema' xmlns:typens='http://www.esri.com/schemas/ArcGIS/3.2.0'&gt;&lt;FeatureDataset&gt;planeacion_y_condicionantes&lt;/FeatureDataset&gt;&lt;WorkspaceConnectionString&gt;DATABASE=T:\PDUCP\2023\07_cartografia\gdb\PDU2040_2023.gdb&lt;/WorkspaceConnectionString&gt;&lt;WorkspaceFactory&gt;FileGDB&lt;/WorkspaceFactory&gt;&lt;Dataset&gt;condicionantes_para_usos_2023&lt;/Dataset&gt;&lt;DatasetType&gt;esriDTFeatureClass&lt;/DatasetType&gt;&lt;/CIMFeatureDatasetDataConnection&gt;" &lt;operationSequence&gt;&lt;workflow&gt;&lt;AssignDomainToField&gt;&lt;field_name&gt;jrsdccn&lt;/field_name&gt;&lt;domain_name&gt;jrsdccnd&lt;/domain_name&gt;&lt;/AssignDomainToField&gt;&lt;/workflow&gt;&lt;/operationSequence&gt;</Process><Process ToolSource="c:\program files\arcgis\pro\Resources\ArcToolbox\Toolboxes\Data Management Tools.tbx\UpdateSchema" Date="20240221" Time="164709">UpdateSchema "CIMDATA=&lt;CIMFeatureDatasetDataConnection xsi:type='typens:CIMFeatureDatasetDataConnection' xmlns:xsi='http://www.w3.org/2001/XMLSchema-instance' xmlns:xs='http://www.w3.org/2001/XMLSchema' xmlns:typens='http://www.esri.com/schemas/ArcGIS/3.2.0'&gt;&lt;FeatureDataset&gt;planeacion_y_condicionantes&lt;/FeatureDataset&gt;&lt;WorkspaceConnectionString&gt;DATABASE=T:\PDUCP\2023\07_cartografia\gdb\PDU2040_2023.gdb&lt;/WorkspaceConnectionString&gt;&lt;WorkspaceFactory&gt;FileGDB&lt;/WorkspaceFactory&gt;&lt;Dataset&gt;condicionantes_para_usos_2023&lt;/Dataset&gt;&lt;DatasetType&gt;esriDTFeatureClass&lt;/DatasetType&gt;&lt;/CIMFeatureDatasetDataConnection&gt;" &lt;operationSequence&gt;&lt;workflow&gt;&lt;AssignDomainToField&gt;&lt;field_name&gt;jrsdccn&lt;/field_name&gt;&lt;domain_name&gt;jrsdccn&lt;/domain_name&gt;&lt;/AssignDomainToField&gt;&lt;/workflow&gt;&lt;/operationSequence&gt;</Process><Process ToolSource="c:\program files\arcgis\pro\Resources\ArcToolbox\Toolboxes\Data Management Tools.tbx\UpdateSchema" Date="20240221" Time="164752">UpdateSchema "CIMDATA=&lt;CIMFeatureDatasetDataConnection xsi:type='typens:CIMFeatureDatasetDataConnection' xmlns:xsi='http://www.w3.org/2001/XMLSchema-instance' xmlns:xs='http://www.w3.org/2001/XMLSchema' xmlns:typens='http://www.esri.com/schemas/ArcGIS/3.2.0'&gt;&lt;FeatureDataset&gt;planeacion_y_condicionantes&lt;/FeatureDataset&gt;&lt;WorkspaceConnectionString&gt;DATABASE=T:\PDUCP\2023\07_cartografia\gdb\PDU2040_2023.gdb&lt;/WorkspaceConnectionString&gt;&lt;WorkspaceFactory&gt;FileGDB&lt;/WorkspaceFactory&gt;&lt;Dataset&gt;condicionantes_para_usos_2023&lt;/Dataset&gt;&lt;DatasetType&gt;esriDTFeatureClass&lt;/DatasetType&gt;&lt;/CIMFeatureDatasetDataConnection&gt;" &lt;operationSequence&gt;&lt;workflow&gt;&lt;AssignDefaultToField&gt;&lt;field_name&gt;jrsdccn&lt;/field_name&gt;&lt;default_value&gt;IN_CPCUU&lt;/default_value&gt;&lt;/AssignDefaultToField&gt;&lt;/workflow&gt;&lt;/operationSequence&gt;</Process><Process ToolSource="c:\program files\arcgis\pro\Resources\ArcToolbox\Toolboxes\Data Management Tools.tbx\UpdateSchema" Date="20240221" Time="164810">UpdateSchema "CIMDATA=&lt;CIMFeatureDatasetDataConnection xsi:type='typens:CIMFeatureDatasetDataConnection' xmlns:xsi='http://www.w3.org/2001/XMLSchema-instance' xmlns:xs='http://www.w3.org/2001/XMLSchema' xmlns:typens='http://www.esri.com/schemas/ArcGIS/3.2.0'&gt;&lt;FeatureDataset&gt;planeacion_y_condicionantes&lt;/FeatureDataset&gt;&lt;WorkspaceConnectionString&gt;DATABASE=T:\PDUCP\2023\07_cartografia\gdb\PDU2040_2023.gdb&lt;/WorkspaceConnectionString&gt;&lt;WorkspaceFactory&gt;FileGDB&lt;/WorkspaceFactory&gt;&lt;Dataset&gt;condicionantes_para_usos_2023&lt;/Dataset&gt;&lt;DatasetType&gt;esriDTFeatureClass&lt;/DatasetType&gt;&lt;/CIMFeatureDatasetDataConnection&gt;" &lt;operationSequence&gt;&lt;workflow&gt;&lt;AssignDefaultToField&gt;&lt;field_name&gt;cal_pos&lt;/field_name&gt;&lt;default_value&gt;02&lt;/default_value&gt;&lt;/AssignDefaultToField&gt;&lt;/workflow&gt;&lt;/operationSequence&gt;</Process><Process ToolSource="c:\program files\arcgis\pro\Resources\ArcToolbox\Toolboxes\Data Management Tools.tbx\UpdateSchema" Date="20240221" Time="170216">UpdateSchema "CIMDATA=&lt;CIMFeatureDatasetDataConnection xsi:type='typens:CIMFeatureDatasetDataConnection' xmlns:xsi='http://www.w3.org/2001/XMLSchema-instance' xmlns:xs='http://www.w3.org/2001/XMLSchema' xmlns:typens='http://www.esri.com/schemas/ArcGIS/3.2.0'&gt;&lt;FeatureDataset&gt;planeacion_y_condicionantes&lt;/FeatureDataset&gt;&lt;WorkspaceConnectionString&gt;DATABASE=T:\PDUCP\2023\07_cartografia\gdb\PDU2040_2023.gdb&lt;/WorkspaceConnectionString&gt;&lt;WorkspaceFactory&gt;FileGDB&lt;/WorkspaceFactory&gt;&lt;Dataset&gt;condicionantes_para_usos_2023&lt;/Dataset&gt;&lt;DatasetType&gt;esriDTFeatureClass&lt;/DatasetType&gt;&lt;/CIMFeatureDatasetDataConnection&gt;" "&lt;operationSequence&gt;&lt;workflow&gt;&lt;AlterField&gt;&lt;field_name&gt;cve_loc&lt;/field_name&gt;&lt;field_alias&gt;Clave de Localidad&lt;/field_alias&gt;&lt;field_type&gt;TEXT&lt;/field_type&gt;&lt;field_is_nullable&gt;True&lt;/field_is_nullable&gt;&lt;clear_field_alias&gt;False&lt;/clear_field_alias&gt;&lt;/AlterField&gt;&lt;/workflow&gt;&lt;workflow&gt;&lt;AlterField&gt;&lt;field_name&gt;rfrencia&lt;/field_name&gt;&lt;field_alias&gt;Referencia en Documento&lt;/field_alias&gt;&lt;field_type&gt;TEXT&lt;/field_type&gt;&lt;field_is_nullable&gt;True&lt;/field_is_nullable&gt;&lt;clear_field_alias&gt;False&lt;/clear_field_alias&gt;&lt;/AlterField&gt;&lt;/workflow&gt;&lt;/operationSequence&gt;"</Process><Process ToolSource="c:\program files\arcgis\pro\Resources\ArcToolbox\Toolboxes\Data Management Tools.tbx\UpdateSchema" Date="20240222" Time="095239">UpdateSchema "CIMDATA=&lt;CIMFeatureDatasetDataConnection xsi:type='typens:CIMFeatureDatasetDataConnection' xmlns:xsi='http://www.w3.org/2001/XMLSchema-instance' xmlns:xs='http://www.w3.org/2001/XMLSchema' xmlns:typens='http://www.esri.com/schemas/ArcGIS/3.2.0'&gt;&lt;FeatureDataset&gt;planeacion_y_condicionantes&lt;/FeatureDataset&gt;&lt;WorkspaceConnectionString&gt;DATABASE=T:\PDUCP\2023\07_cartografia\gdb\PDU2040_2023.gdb&lt;/WorkspaceConnectionString&gt;&lt;WorkspaceFactory&gt;FileGDB&lt;/WorkspaceFactory&gt;&lt;Dataset&gt;condicionantes_para_usos_2023&lt;/Dataset&gt;&lt;DatasetType&gt;esriDTFeatureClass&lt;/DatasetType&gt;&lt;/CIMFeatureDatasetDataConnection&gt;" "&lt;operationSequence&gt;&lt;workflow&gt;&lt;AlterField&gt;&lt;field_name&gt;cod_obj_geo&lt;/field_name&gt;&lt;field_alias&gt;Código del Objeto Geográfico&lt;/field_alias&gt;&lt;field_type&gt;TEXT&lt;/field_type&gt;&lt;field_is_nullable&gt;True&lt;/field_is_nullable&gt;&lt;clear_field_alias&gt;False&lt;/clear_field_alias&gt;&lt;/AlterField&gt;&lt;/workflow&gt;&lt;/operationSequence&gt;"</Process><Process ToolSource="c:\program files\arcgis\pro\Resources\ArcToolbox\Toolboxes\Data Management Tools.tbx\UpdateSchema" Date="20240222" Time="095853">UpdateSchema "CIMDATA=&lt;CIMFeatureDatasetDataConnection xsi:type='typens:CIMFeatureDatasetDataConnection' xmlns:xsi='http://www.w3.org/2001/XMLSchema-instance' xmlns:xs='http://www.w3.org/2001/XMLSchema' xmlns:typens='http://www.esri.com/schemas/ArcGIS/3.2.0'&gt;&lt;FeatureDataset&gt;planeacion_y_condicionantes&lt;/FeatureDataset&gt;&lt;WorkspaceConnectionString&gt;DATABASE=T:\PDUCP\2023\07_cartografia\gdb\PDU2040_2023.gdb&lt;/WorkspaceConnectionString&gt;&lt;WorkspaceFactory&gt;FileGDB&lt;/WorkspaceFactory&gt;&lt;Dataset&gt;condicionantes_para_usos_2023&lt;/Dataset&gt;&lt;DatasetType&gt;esriDTFeatureClass&lt;/DatasetType&gt;&lt;/CIMFeatureDatasetDataConnection&gt;" "&lt;operationSequence&gt;&lt;workflow&gt;&lt;AlterField&gt;&lt;field_name&gt;cve_loc&lt;/field_name&gt;&lt;field_alias&gt;Clave de Localidad&lt;/field_alias&gt;&lt;field_type&gt;TEXT&lt;/field_type&gt;&lt;field_is_nullable&gt;True&lt;/field_is_nullable&gt;&lt;clear_field_alias&gt;False&lt;/clear_field_alias&gt;&lt;/AlterField&gt;&lt;/workflow&gt;&lt;/operationSequence&gt;"</Process><Process ToolSource="c:\program files\arcgis\pro\Resources\ArcToolbox\toolboxes\Data Management Tools.tbx\UpdateSchema" Date="20240222" Time="121722">UpdateSchema "CIMDATA=&lt;CIMFeatureDatasetDataConnection xsi:type='typens:CIMFeatureDatasetDataConnection' xmlns:xsi='http://www.w3.org/2001/XMLSchema-instance' xmlns:xs='http://www.w3.org/2001/XMLSchema' xmlns:typens='http://www.esri.com/schemas/ArcGIS/3.2.0'&gt;&lt;FeatureDataset&gt;planeacion_y_condicionantes&lt;/FeatureDataset&gt;&lt;WorkspaceConnectionString&gt;DATABASE=T:\PDUCP\2023\07_cartografia\gdb\PDU2040_2023.gdb&lt;/WorkspaceConnectionString&gt;&lt;WorkspaceFactory&gt;FileGDB&lt;/WorkspaceFactory&gt;&lt;Dataset&gt;condicionantes_para_usos_2023&lt;/Dataset&gt;&lt;DatasetType&gt;esriDTFeatureClass&lt;/DatasetType&gt;&lt;/CIMFeatureDatasetDataConnection&gt;" "&lt;operationSequence&gt;&lt;workflow&gt;&lt;AddField&gt;&lt;field_name&gt;url1&lt;/field_name&gt;&lt;field_type&gt;TEXT&lt;/field_type&gt;&lt;field_length&gt;200&lt;/field_length&gt;&lt;field_alias&gt;Acceder al Documento de su Definición&lt;/field_alias&gt;&lt;field_is_nullable&gt;True&lt;/field_is_nullable&gt;&lt;field_is_required&gt;False&lt;/field_is_required&gt;&lt;/AddField&gt;&lt;/workflow&gt;&lt;workflow&gt;&lt;AddField&gt;&lt;field_name&gt;url2&lt;/field_name&gt;&lt;field_type&gt;TEXT&lt;/field_type&gt;&lt;field_length&gt;200&lt;/field_length&gt;&lt;field_alias&gt;Acceder a la Normatividad Complementaria&lt;/field_alias&gt;&lt;field_is_nullable&gt;True&lt;/field_is_nullable&gt;&lt;field_is_required&gt;False&lt;/field_is_required&gt;&lt;/AddField&gt;&lt;/workflow&gt;&lt;workflow&gt;&lt;AddField&gt;&lt;field_name&gt;url3&lt;/field_name&gt;&lt;field_type&gt;TEXT&lt;/field_type&gt;&lt;field_length&gt;200&lt;/field_length&gt;&lt;field_alias&gt;Acceder al Diccionario de Datos del Objeto Geográfico&lt;/field_alias&gt;&lt;field_is_nullable&gt;True&lt;/field_is_nullable&gt;&lt;field_is_required&gt;False&lt;/field_is_required&gt;&lt;/AddField&gt;&lt;/workflow&gt;&lt;workflow&gt;&lt;AddField&gt;&lt;field_name&gt;url4&lt;/field_name&gt;&lt;field_type&gt;TEXT&lt;/field_type&gt;&lt;field_length&gt;200&lt;/field_length&gt;&lt;field_is_nullable&gt;True&lt;/field_is_nullable&gt;&lt;field_is_required&gt;False&lt;/field_is_required&gt;&lt;/AddField&gt;&lt;/workflow&gt;&lt;workflow&gt;&lt;AddField&gt;&lt;field_name&gt;url5&lt;/field_name&gt;&lt;field_type&gt;TEXT&lt;/field_type&gt;&lt;field_length&gt;200&lt;/field_length&gt;&lt;field_is_nullable&gt;True&lt;/field_is_nullable&gt;&lt;field_is_required&gt;False&lt;/field_is_required&gt;&lt;/AddField&gt;&lt;/workflow&gt;&lt;/operationSequence&gt;"</Process><Process ToolSource="c:\program files\arcgis\pro\Resources\ArcToolbox\toolboxes\Data Management Tools.tbx\UpdateSchema" Date="20240222" Time="122756">UpdateSchema T:\PDUCP\2023\07_cartografia\gdb\PDU2040_2023.gdb\planeacion_y_condicionantes\condicionantes_para_usos_2023 "&lt;operationSequence&gt;&lt;workflow&gt;&lt;AssignDomainToField&gt;&lt;field_name&gt;cve_ent&lt;/field_name&gt;&lt;domain_name&gt;cve_ent&lt;/domain_name&gt;&lt;subtype_code&gt;1&lt;/subtype_code&gt;&lt;/AssignDomainToField&gt;&lt;/workflow&gt;&lt;workflow&gt;&lt;AssignDefaultToField&gt;&lt;field_name&gt;cve_zm&lt;/field_name&gt;&lt;default_value&gt; 08.1.01&lt;/default_value&gt;&lt;subtype_code&gt;1&lt;/subtype_code&gt;&lt;/AssignDefaultToField&gt;&lt;/workflow&gt;&lt;workflow&gt;&lt;AssignDomainToField&gt;&lt;field_name&gt;jrsdccn&lt;/field_name&gt;&lt;domain_name&gt;jrsdccn&lt;/domain_name&gt;&lt;subtype_code&gt;1&lt;/subtype_code&gt;&lt;/AssignDomainToField&gt;&lt;AssignDefaultToField&gt;&lt;field_name&gt;jrsdccn&lt;/field_name&gt;&lt;default_value&gt;IN_CPCUU&lt;/default_value&gt;&lt;subtype_code&gt;1&lt;/subtype_code&gt;&lt;/AssignDefaultToField&gt;&lt;/workflow&gt;&lt;workflow&gt;&lt;AssignDefaultToField&gt;&lt;field_name&gt;cal_pos&lt;/field_name&gt;&lt;default_value&gt;01&lt;/default_value&gt;&lt;subtype_code&gt;1&lt;/subtype_code&gt;&lt;/AssignDefaultToField&gt;&lt;/workflow&gt;&lt;workflow&gt;&lt;AssignDomainToField&gt;&lt;field_name&gt;cve_ent&lt;/field_name&gt;&lt;domain_name&gt;cve_ent&lt;/domain_name&gt;&lt;subtype_code&gt;2&lt;/subtype_code&gt;&lt;/AssignDomainToField&gt;&lt;/workflow&gt;&lt;workflow&gt;&lt;AssignDefaultToField&gt;&lt;field_name&gt;cve_zm&lt;/field_name&gt;&lt;default_value&gt; 08.1.01&lt;/default_value&gt;&lt;subtype_code&gt;2&lt;/subtype_code&gt;&lt;/AssignDefaultToField&gt;&lt;/workflow&gt;&lt;workflow&gt;&lt;AssignDomainToField&gt;&lt;field_name&gt;jrsdccn&lt;/field_name&gt;&lt;domain_name&gt;jrsdccn&lt;/domain_name&gt;&lt;subtype_code&gt;2&lt;/subtype_code&gt;&lt;/AssignDomainToField&gt;&lt;AssignDefaultToField&gt;&lt;field_name&gt;jrsdccn&lt;/field_name&gt;&lt;default_value&gt;IN_CPCUU&lt;/default_value&gt;&lt;subtype_code&gt;2&lt;/subtype_code&gt;&lt;/AssignDefaultToField&gt;&lt;/workflow&gt;&lt;workflow&gt;&lt;AssignDefaultToField&gt;&lt;field_name&gt;cal_pos&lt;/field_name&gt;&lt;default_value&gt;01&lt;/default_value&gt;&lt;subtype_code&gt;2&lt;/subtype_code&gt;&lt;/AssignDefaultToField&gt;&lt;/workflow&gt;&lt;workflow&gt;&lt;AssignDomainToField&gt;&lt;field_name&gt;cve_ent&lt;/field_name&gt;&lt;domain_name&gt;cve_ent&lt;/domain_name&gt;&lt;subtype_code&gt;4&lt;/subtype_code&gt;&lt;/AssignDomainToField&gt;&lt;/workflow&gt;&lt;workflow&gt;&lt;AssignDefaultToField&gt;&lt;field_name&gt;cve_zm&lt;/field_name&gt;&lt;default_value&gt; 08.1.01&lt;/default_value&gt;&lt;subtype_code&gt;4&lt;/subtype_code&gt;&lt;/AssignDefaultToField&gt;&lt;/workflow&gt;&lt;workflow&gt;&lt;AssignDomainToField&gt;&lt;field_name&gt;jrsdccn&lt;/field_name&gt;&lt;domain_name&gt;jrsdccn&lt;/domain_name&gt;&lt;subtype_code&gt;4&lt;/subtype_code&gt;&lt;/AssignDomainToField&gt;&lt;AssignDefaultToField&gt;&lt;field_name&gt;jrsdccn&lt;/field_name&gt;&lt;default_value&gt;IN_CPCUU&lt;/default_value&gt;&lt;subtype_code&gt;4&lt;/subtype_code&gt;&lt;/AssignDefaultToField&gt;&lt;/workflow&gt;&lt;workflow&gt;&lt;AssignDefaultToField&gt;&lt;field_name&gt;cal_pos&lt;/field_name&gt;&lt;default_value&gt;01&lt;/default_value&gt;&lt;subtype_code&gt;4&lt;/subtype_code&gt;&lt;/AssignDefaultToField&gt;&lt;/workflow&gt;&lt;workflow&gt;&lt;RemoveSubtype&gt;&lt;subtype_code&gt;3&lt;/subtype_code&gt;&lt;/RemoveSubtype&gt;&lt;AddSubtype&gt;&lt;subtype_code&gt;3&lt;/subtype_code&gt;&lt;subtype_description&gt;Condición de Salvaguarda&lt;/subtype_description&gt;&lt;/AddSubtype&gt;&lt;/workflow&gt;&lt;workflow&gt;&lt;AssignDomainToField&gt;&lt;field_name&gt;cve_ent&lt;/field_name&gt;&lt;domain_name&gt;cve_ent&lt;/domain_name&gt;&lt;subtype_code&gt;3&lt;/subtype_code&gt;&lt;/AssignDomainToField&gt;&lt;/workflow&gt;&lt;workflow&gt;&lt;AssignDomainToField&gt;&lt;field_name&gt;cve_mun&lt;/field_name&gt;&lt;domain_name&gt;cve_mun&lt;/domain_name&gt;&lt;subtype_code&gt;3&lt;/subtype_code&gt;&lt;/AssignDomainToField&gt;&lt;/workflow&gt;&lt;workflow&gt;&lt;AssignDomainToField&gt;&lt;field_name&gt;cve_loc&lt;/field_name&gt;&lt;domain_name&gt;cve_loc&lt;/domain_name&gt;&lt;subtype_code&gt;3&lt;/subtype_code&gt;&lt;/AssignDomainToField&gt;&lt;/workflow&gt;&lt;workflow&gt;&lt;RemoveDomainFromField&gt;&lt;field_name&gt;cve_zm&lt;/field_name&gt;&lt;subtype_code&gt;3&lt;/subtype_code&gt;&lt;/RemoveDomainFromField&gt;&lt;AssignDefaultToField&gt;&lt;field_name&gt;cve_zm&lt;/field_name&gt;&lt;default_value&gt; 08.1.01&lt;/default_value&gt;&lt;subtype_code&gt;3&lt;/subtype_code&gt;&lt;/AssignDefaultToField&gt;&lt;/workflow&gt;&lt;workflow&gt;&lt;AssignDomainToField&gt;&lt;field_name&gt;zonif_prm&lt;/field_name&gt;&lt;domain_name&gt;zonif_prm&lt;/domain_name&gt;&lt;subtype_code&gt;3&lt;/subtype_code&gt;&lt;/AssignDomainToField&gt;&lt;/workflow&gt;&lt;workflow&gt;&lt;AssignDomainToField&gt;&lt;field_name&gt;jrsdccn&lt;/field_name&gt;&lt;domain_name&gt;jrsdccn&lt;/domain_name&gt;&lt;subtype_code&gt;3&lt;/subtype_code&gt;&lt;/AssignDomainToField&gt;&lt;AssignDefaultToField&gt;&lt;field_name&gt;jrsdccn&lt;/field_name&gt;&lt;default_value&gt;IN_CPCUU&lt;/default_value&gt;&lt;subtype_code&gt;3&lt;/subtype_code&gt;&lt;/AssignDefaultToField&gt;&lt;/workflow&gt;&lt;workflow&gt;&lt;AssignDomainToField&gt;&lt;field_name&gt;cal_pos&lt;/field_name&gt;&lt;domain_name&gt;cal_pos&lt;/domain_name&gt;&lt;subtype_code&gt;3&lt;/subtype_code&gt;&lt;/AssignDomainToField&gt;&lt;AssignDefaultToField&gt;&lt;field_name&gt;cal_pos&lt;/field_name&gt;&lt;default_value&gt;01&lt;/default_value&gt;&lt;subtype_code&gt;3&lt;/subtype_code&gt;&lt;/AssignDefaultToField&gt;&lt;/workflow&gt;&lt;/operationSequence&gt;"</Process><Process ToolSource="c:\program files\arcgis\pro\Resources\ArcToolbox\toolboxes\Data Management Tools.tbx\CalculateField" Date="20240222" Time="123240">CalculateField "Condicionantes para usos" categria !descgen! Python # Text NO_ENFORCE_DOMAINS</Process><Process ToolSource="c:\program files\arcgis\pro\Resources\ArcToolbox\toolboxes\Data Management Tools.tbx\CalculateField" Date="20240222" Time="123416">CalculateField "Condicionantes para usos" descgen "Riesgo Hidrológico" Python # Text NO_ENFORCE_DOMAINS</Process><Process ToolSource="c:\program files\arcgis\pro\Resources\ArcToolbox\toolboxes\Data Management Tools.tbx\CalculateField" Date="20240222" Time="123715">CalculateField "Condicionantes para usos" descrip "(CP) Condicionado Pluvial. Zonas con presencia de riesgos hidrológicos la cual queda condicionada a realizar los estudios y la infraestructura resultantes para mitigar dicha condición de acuerdo con el proyecto ejecutivo de drenaje pluvial autorizado por las autoridades Federales, Estatales y Municipales en materia." Python # Text NO_ENFORCE_DOMAINS</Process><Process ToolSource="c:\program files\arcgis\pro\Resources\ArcToolbox\toolboxes\Data Management Tools.tbx\CalculateField" Date="20240222" Time="124117">CalculateField "Condicionantes para usos" descrip "(AB) Área de borde. Zona situada en un área que se entenderá como el límite del área urbana y su destino e intensidad de uso habrá de corresponder a la indicada por la zonificación secundaria. La zona de transición entre la naturaleza y la ciudad no se da en una línea, sino existe en una franja de anchura variable en función de las distintas condiciones de urbanización y las características ambientales y morfológicas de la naturaleza inmediata." Python # Text NO_ENFORCE_DOMAINS</Process><Process ToolSource="c:\program files\arcgis\pro\Resources\ArcToolbox\toolboxes\Data Management Tools.tbx\CalculateField" Date="20240222" Time="124300">CalculateField "Condicionantes para usos" descrip "(CS) Condición de Salvaguarda. Zonas con posibles riesgos antropogénicos (relleno sanitario, plantas de tratamiento, almacenamiento de combustibles) y áreas de servicio (conos de navegación aérea) de las operaciones que se realizan en el aeropuerto Internacional General Roberto Fierro Villalobos, que estarán condicionadas a obtener las autorizaciones necesarias por las autoridades Federales, Estatales y Municipales en materia, para llevar a cabo las acciones urbanas sobre usos de suelo que queden intervenidos por esta condición en la zonificación secundaria. Área de influencia establecida de acuerdo al estudio: Sistema de Protección Civil para la población Avalos, en donde se asienta la Terminal de Almacenamiento y Distribución de PEMEX Refinación, 2001, PEMEX Refinación." Python # Text NO_ENFORCE_DOMAINS</Process><Process ToolSource="c:\program files\arcgis\pro\Resources\ArcToolbox\toolboxes\Data Management Tools.tbx\CalculateField" Date="20240222" Time="124500">CalculateField "Condicionantes para usos" descrip "(CS) Condición de Salvaguarda. Zonas con posibles riesgos antropogénicos (relleno sanitario, plantas de tratamiento, almacenamiento de combustibles) y áreas de servicio (conos de navegación aérea) de las operaciones que se realizan en el aeropuerto Internacional General Roberto Fierro Villalobos, que estarán condicionadas a obtener las autorizaciones necesarias por las autoridades Federales, Estatales y Municipales en materia, para llevar a cabo las acciones urbanas sobre usos de suelo que queden intervenidos por esta condición en la zonificación secundaria. Ley de Vivienda,  Lineamientos en materia de equipamiento, infraestructura y vinculación con el entorno." Python # Text NO_ENFORCE_DOMAINS</Process><Process ToolSource="c:\program files\arcgis\pro\Resources\ArcToolbox\toolboxes\Data Management Tools.tbx\CalculateField" Date="20240222" Time="124802">CalculateField "Condicionantes para usos" descrip "(CS) Condición de Salvaguarda. Zonas con posibles riesgos antropogénicos (relleno sanitario, plantas de tratamiento, almacenamiento de combustibles) y áreas de servicio (conos de navegación aérea) de las operaciones que se realizan en el aeropuerto Internacional General Roberto Fierro Villalobos, que estarán condicionadas a obtener las autorizaciones necesarias por las autoridades Federales, Estatales y Municipales en materia, para llevar a cabo las acciones urbanas sobre usos de suelo que queden intervenidos por esta condición en la zonificación secundaria. Disposiciones señaladas por la Dirección General de Impacto y Riesgo Ambiental de la SEMARNAT, para el proyecto “Planta de Tratamiento de Agua Sur” de la Ciudad de Chihuahua." Python # Text NO_ENFORCE_DOMAINS</Process><Process ToolSource="c:\program files\arcgis\pro\Resources\ArcToolbox\toolboxes\Data Management Tools.tbx\CalculateField" Date="20240222" Time="125643">CalculateField "Condicionantes para usos" descrip "(CS) Condición de Salvaguarda. Zonas con posibles riesgos antropogénicos (relleno sanitario, plantas de tratamiento, almacenamiento de combustibles) y áreas de servicio (conos de navegación aérea) de las operaciones que se realizan en el aeropuerto Internacional General Roberto Fierro Villalobos, que estarán condicionadas a obtener las autorizaciones necesarias por las autoridades Federales, Estatales y Municipales en materia, para llevar a cabo las acciones urbanas sobre usos de suelo que queden intervenidos por esta condición en la zonificación secundaria. Ley de Vivienda,  Lineamientos en materia de equipamiento, infraestructura y vinculación con el entorno." Python # Text NO_ENFORCE_DOMAINS</Process><Process ToolSource="c:\program files\arcgis\pro\Resources\ArcToolbox\toolboxes\Data Management Tools.tbx\CalculateField" Date="20240222" Time="130209">CalculateField "Condicionantes para usos" categria "Posibilidad de Riesgo Antropogénico" Python # Text NO_ENFORCE_DOMAINS</Process><Process ToolSource="c:\program files\arcgis\pro\Resources\ArcToolbox\toolboxes\Data Management Tools.tbx\CalculateField" Date="20240222" Time="130228">CalculateField "Condicionantes para usos" categria "Área de Borde" Python # Text NO_ENFORCE_DOMAINS</Process><Process ToolSource="c:\program files\arcgis\pro\Resources\ArcToolbox\toolboxes\Data Management Tools.tbx\CalculateField" Date="20240222" Time="130300">CalculateField "Condicionantes para usos" categria "Riesgo Hidrológico" Python # Text NO_ENFORCE_DOMAINS</Process><Process ToolSource="c:\program files\arcgis\pro\Resources\ArcToolbox\toolboxes\Data Management Tools.tbx\CalculateField" Date="20240222" Time="130515">CalculateField "Condicionantes para usos" rfrencia "5.1.2 Zonificación Secundaria" Python # Text NO_ENFORCE_DOMAINS</Process><Process ToolSource="c:\program files\arcgis\pro\Resources\ArcToolbox\toolboxes\Data Management Tools.tbx\UpdateSchema" Date="20240222" Time="130727">UpdateSchema "CIMDATA=&lt;CIMFeatureDatasetDataConnection xsi:type='typens:CIMFeatureDatasetDataConnection' xmlns:xsi='http://www.w3.org/2001/XMLSchema-instance' xmlns:xs='http://www.w3.org/2001/XMLSchema' xmlns:typens='http://www.esri.com/schemas/ArcGIS/3.2.0'&gt;&lt;FeatureDataset&gt;planeacion_y_condicionantes&lt;/FeatureDataset&gt;&lt;WorkspaceConnectionString&gt;DATABASE=T:\PDUCP\2023\07_cartografia\gdb\PDU2040_2023.gdb&lt;/WorkspaceConnectionString&gt;&lt;WorkspaceFactory&gt;FileGDB&lt;/WorkspaceFactory&gt;&lt;Dataset&gt;condicionantes_para_usos_2023&lt;/Dataset&gt;&lt;DatasetType&gt;esriDTFeatureClass&lt;/DatasetType&gt;&lt;/CIMFeatureDatasetDataConnection&gt;" &lt;operationSequence&gt;&lt;workflow&gt;&lt;DeleteField&gt;&lt;field_name&gt;zonif_prm&lt;/field_name&gt;&lt;field_name&gt;descgen&lt;/field_name&gt;&lt;/DeleteField&gt;&lt;/workflow&gt;&lt;workflow&gt;&lt;AlterField&gt;&lt;field_name&gt;cod_obj_geo&lt;/field_name&gt;&lt;field_type&gt;TEXT&lt;/field_type&gt;&lt;field_length&gt;11&lt;/field_length&gt;&lt;field_is_nullable&gt;True&lt;/field_is_nullable&gt;&lt;clear_field_alias&gt;False&lt;/clear_field_alias&gt;&lt;/AlterField&gt;&lt;/workflow&gt;&lt;/operationSequence&gt;</Process><Process ToolSource="c:\program files\arcgis\pro\Resources\ArcToolbox\toolboxes\Data Management Tools.tbx\CalculateField" Date="20240222" Time="130806">CalculateField "Condicionantes para usos" cod_obj_geo "016.003.005" Python # Text NO_ENFORCE_DOMAINS</Process><Process ToolSource="c:\program files (x86)\arcgis\desktop10.8\ArcToolbox\Toolboxes\Data Management Tools.tbx\CalculateField" Date="20240226" Time="105305">CalculateField "Condicionantes para usos" url1 "https://sigmun-pdu.s3.us-west-1.amazonaws.com/PDU2040/5.1.EstrategiasPrincipales/5.1.2.ZonificacionSecundaria.pdf" VB #</Process><Process ToolSource="c:\program files (x86)\arcgis\desktop10.8\ArcToolbox\Toolboxes\Data Management Tools.tbx\CalculateField" Date="20240226" Time="112313">CalculateField "Condicionantes para usos" url2 "No aplica" VB #</Process><Process ToolSource="c:\program files (x86)\arcgis\desktop10.8\ArcToolbox\Toolboxes\Data Management Tools.tbx\CalculateField" Date="20240226" Time="112507">CalculateField "Condicionantes para usos" nombre "No aplica" VB #</Process><Process ToolSource="c:\program files\arcgis\pro\Resources\ArcToolbox\toolboxes\Data Management Tools.tbx\CalculateField" Date="20240304" Time="112929">CalculateField condicionantes_para_usos_2023 cve_zm "08.01" Python # Text NO_ENFORCE_DOMAINS</Process><Process ToolSource="c:\program files\arcgis\pro\Resources\ArcToolbox\toolboxes\Data Management Tools.tbx\UpdateSchema" Date="20240304" Time="113053">UpdateSchema T:\PDUCP\2023\07_cartografia\gdb\PDU2040_2023.gdb\planeacion_y_condicionantes\condicionantes_para_usos_2023 "&lt;operationSequence&gt;&lt;workflow&gt;&lt;AssignDefaultToField&gt;&lt;field_name&gt;cve_zm&lt;/field_name&gt;&lt;default_value&gt; 08.01&lt;/default_value&gt;&lt;subtype_code&gt;1&lt;/subtype_code&gt;&lt;/AssignDefaultToField&gt;&lt;/workflow&gt;&lt;workflow&gt;&lt;AssignDefaultToField&gt;&lt;field_name&gt;cve_zm&lt;/field_name&gt;&lt;default_value&gt; 08.01&lt;/default_value&gt;&lt;subtype_code&gt;2&lt;/subtype_code&gt;&lt;/AssignDefaultToField&gt;&lt;/workflow&gt;&lt;workflow&gt;&lt;AssignDefaultToField&gt;&lt;field_name&gt;cve_zm&lt;/field_name&gt;&lt;default_value&gt; 08.01&lt;/default_value&gt;&lt;subtype_code&gt;4&lt;/subtype_code&gt;&lt;/AssignDefaultToField&gt;&lt;/workflow&gt;&lt;workflow&gt;&lt;AssignDefaultToField&gt;&lt;field_name&gt;cve_zm&lt;/field_name&gt;&lt;default_value&gt; 08.01&lt;/default_value&gt;&lt;subtype_code&gt;3&lt;/subtype_code&gt;&lt;/AssignDefaultToField&gt;&lt;/workflow&gt;&lt;/operationSequence&gt;"</Process><Process ToolSource="c:\program files\arcgis\pro\Resources\ArcToolbox\toolboxes\Data Management Tools.tbx\UpdateSchema" Date="20240304" Time="113129">UpdateSchema "CIMDATA=&lt;CIMFeatureDatasetDataConnection xsi:type='typens:CIMFeatureDatasetDataConnection' xmlns:xsi='http://www.w3.org/2001/XMLSchema-instance' xmlns:xs='http://www.w3.org/2001/XMLSchema' xmlns:typens='http://www.esri.com/schemas/ArcGIS/3.2.0'&gt;&lt;FeatureDataset&gt;planeacion_y_condicionantes&lt;/FeatureDataset&gt;&lt;WorkspaceConnectionString&gt;DATABASE=T:\PDUCP\2023\07_cartografia\gdb\PDU2040_2023.gdb&lt;/WorkspaceConnectionString&gt;&lt;WorkspaceFactory&gt;FileGDB&lt;/WorkspaceFactory&gt;&lt;Dataset&gt;condicionantes_para_usos_2023&lt;/Dataset&gt;&lt;DatasetType&gt;esriDTFeatureClass&lt;/DatasetType&gt;&lt;/CIMFeatureDatasetDataConnection&gt;" "&lt;operationSequence&gt;&lt;workflow&gt;&lt;AssignDefaultToField&gt;&lt;field_name&gt;cve_zm&lt;/field_name&gt;&lt;default_value&gt; 08.01&lt;/default_value&gt;&lt;/AssignDefaultToField&gt;&lt;/workflow&gt;&lt;/operationSequence&gt;"</Process><Process ToolSource="c:\program files\arcgis\pro\Resources\ArcToolbox\toolboxes\Data Management Tools.tbx\CalculateField" Date="20240304" Time="134124">CalculateField condicionantes_para_usos_2023 obj_geo "Condicionantes para Usos" Python # Text NO_ENFORCE_DOMAINS</Process></lineage></DataProperties><SyncDate>20190305</SyncDate><SyncTime>10392500</SyncTime><ModDate>20190305</ModDate><ModTime>10392500</ModTime></Esri><dataIdInfo><envirDesc Sync="TRUE">Microsoft Windows 7 Version 6.1 (Build 7601) Service Pack 1; Esri ArcGIS 10.6.1.9270</envirDesc><dataLang><languageCode value="spa" Sync="TRUE"></languageCode><countryCode value="MEX" Sync="TRUE"></countryCode></dataLang><idCitation><resTitle Sync="TRUE">cuerpo_de_agua</resTitle><presForm><PresFormCd value="005" Sync="TRUE"></PresFormCd></presForm></idCitation><spatRpType><SpatRepTypCd value="001" Sync="TRUE"></SpatRepTypCd></spatRpType></dataIdInfo><mdLang><languageCode value="spa" Sync="TRUE"></languageCode><countryCode value="MEX" Sync="TRUE"></countryCode></mdLang><distInfo><distFormat><formatName Sync="TRUE">File Geodatabase Feature Class</formatName></distFormat></distInfo><mdHrLv><ScopeCd value="005" Sync="TRUE"></ScopeCd></mdHrLv><mdHrLvName Sync="TRUE">dataset</mdHrLvName><refSysInfo><RefSystem><refSysID><identCode code="0" Sync="TRUE"></identCode></refSysID></RefSystem></refSysInfo><spatRepInfo><VectSpatRep><geometObjs Name="cuerpo_de_agua"><geoObjTyp><GeoObjTypCd value="002" Sync="TRUE"></GeoObjTypCd></geoObjTyp><geoObjCnt Sync="TRUE">0</geoObjCnt></geometObjs><topLvl><TopoLevCd value="001" Sync="TRUE"></TopoLevCd></topLvl></VectSpatRep></spatRepInfo><spdoinfo><ptvctinf><esriterm Name="cuerpo_de_agua"><efeatyp Sync="TRUE">Simple</efeatyp><efeageom code="4" Sync="TRUE"></efeageom><esritopo Sync="TRUE">FALSE</esritopo><efeacnt Sync="TRUE">0</efeacnt><spindex Sync="TRUE">TRUE</spindex><linrefer Sync="TRUE">FALSE</linrefer></esriterm></ptvctinf></spdoinfo><eainfo><detailed Name="cuerpo_de_agua"><enttyp><enttypl Sync="TRUE">cuerpo_de_agua</enttypl><enttypt Sync="TRUE">Feature Class</enttypt><enttypc Sync="TRUE">0</enttypc></enttyp><attr><attrlabl Sync="TRUE">OBJECTID</attrlabl><attalias Sync="TRUE">OBJECTID</attalias><attrtype Sync="TRUE">OID</attrtype><attwidth Sync="TRUE">4</attwidth><atprecis Sync="TRUE">0</atprecis><attscale Sync="TRUE">0</attscale><attrdef Sync="TRUE">Internal feature number.</attrdef><attrdefs Sync="TRUE">Esri</attrdefs><attrdomv><udom Sync="TRUE">Sequential unique whole numbers that are automatically generated.</udom></attrdomv></attr><attr><attrlabl Sync="TRUE">Shape</attrlabl><attalias Sync="TRUE">Shape</attalias><attrtype Sync="TRUE">Geometry</attrtype><attwidth Sync="TRUE">0</attwidth><atprecis Sync="TRUE">0</atprecis><attscale Sync="TRUE">0</attscale><attrdef Sync="TRUE">Feature geometry.</attrdef><attrdefs Sync="TRUE">Esri</attrdefs><attrdomv><udom Sync="TRUE">Coordinates defining the features.</udom></attrdomv></attr><attr><attrlabl Sync="TRUE">obj_geo</attrlabl><attalias Sync="TRUE">OBJETO GEOGRÁFICO</attalias><attrtype Sync="TRUE">String</attrtype><attwidth Sync="TRUE">50</attwidth><atprecis Sync="TRUE">0</atprecis><attscale Sync="TRUE">0</attscale></attr><attr><attrlabl Sync="TRUE">cod_obj_geo</attrlabl><attalias Sync="TRUE">CÓDIGO DEL OBJETO GEOGRÁFICO</attalias><attrtype Sync="TRUE">String</attrtype><attwidth Sync="TRUE">9</attwidth><atprecis Sync="TRUE">0</atprecis><attscale Sync="TRUE">0</attscale></attr><attr><attrlabl Sync="TRUE">cve_ent</attrlabl><attalias Sync="TRUE">CLAVE DEL ESTADO</attalias><attrtype Sync="TRUE">String</attrtype><attwidth Sync="TRUE">2</attwidth><atprecis Sync="TRUE">0</atprecis><attscale Sync="TRUE">0</attscale></attr><attr><attrlabl Sync="TRUE">cve_mun</attrlabl><attalias Sync="TRUE">CLAVE DEL MUNICIPIO</attalias><attrtype Sync="TRUE">String</attrtype><attwidth Sync="TRUE">3</attwidth><atprecis Sync="TRUE">0</atprecis><attscale Sync="TRUE">0</attscale></attr><attr><attrlabl Sync="TRUE">cve_loc</attrlabl><attalias Sync="TRUE">CLAVE DE LOCALIDAD</attalias><attrtype Sync="TRUE">String</attrtype><attwidth Sync="TRUE">4</attwidth><atprecis Sync="TRUE">0</atprecis><attscale Sync="TRUE">0</attscale></attr><attr><attrlabl Sync="TRUE">cve_cd</attrlabl><attalias Sync="TRUE">CLAVE DE CIUDAD</attalias><attrtype Sync="TRUE">String</attrtype><attwidth Sync="TRUE">2</attwidth><atprecis Sync="TRUE">0</atprecis><attscale Sync="TRUE">0</attscale></attr><attr><attrlabl Sync="TRUE">zonif_prm</attrlabl><attalias Sync="TRUE">ZONIFICACIÓN PRIMARIA</attalias><attrtype Sync="TRUE">String</attrtype><attwidth Sync="TRUE">6</attwidth><atprecis Sync="TRUE">0</atprecis><attscale Sync="TRUE">0</attscale></attr><attr><attrlabl Sync="TRUE">jrsdccn</attrlabl><attalias Sync="TRUE">JURISDICCIÓN</attalias><attrtype Sync="TRUE">String</attrtype><attwidth Sync="TRUE">8</attwidth><atprecis Sync="TRUE">0</atprecis><attscale Sync="TRUE">0</attscale></attr><attr><attrlabl Sync="TRUE">cal_pos</attrlabl><attalias Sync="TRUE">CALIFICADOR DE POSICIÓN</attalias><attrtype Sync="TRUE">String</attrtype><attwidth Sync="TRUE">2</attwidth><atprecis Sync="TRUE">0</atprecis><attscale Sync="TRUE">0</attscale></attr><attr><attrlabl Sync="TRUE">fecha_act</attrlabl><attalias Sync="TRUE">FECHA DE ACTUALIZACIÓN</attalias><attrtype Sync="TRUE">Date</attrtype><attwidth Sync="TRUE">8</attwidth><atprecis Sync="TRUE">0</atprecis><attscale Sync="TRUE">0</attscale></attr><attr><attrlabl Sync="TRUE">a_mod</attrlabl><attalias Sync="TRUE">AÑO DE MODIFICACIÓN</attalias><attrtype Sync="TRUE">SmallInteger</attrtype><attwidth Sync="TRUE">2</attwidth><atprecis Sync="TRUE">0</atprecis><attscale Sync="TRUE">0</attscale></attr><attr><attrlabl Sync="TRUE">institucion</attrlabl><attalias Sync="TRUE">INSTITUCIÓN</attalias><attrtype Sync="TRUE">String</attrtype><attwidth Sync="TRUE">50</attwidth><atprecis Sync="TRUE">0</atprecis><attscale Sync="TRUE">0</attscale></attr><attr><attrlabl Sync="TRUE">fte_inf</attrlabl><attalias Sync="TRUE">FUENTE DE INFORMACIÓN</attalias><attrtype Sync="TRUE">String</attrtype><attwidth Sync="TRUE">100</attwidth><atprecis Sync="TRUE">0</atprecis><attscale Sync="TRUE">0</attscale></attr><attr><attrlabl Sync="TRUE">cond</attrlabl><attalias Sync="TRUE">CONDICIÓN</attalias><attrtype Sync="TRUE">String</attrtype><attwidth Sync="TRUE">25</attwidth><atprecis Sync="TRUE">0</atprecis><attscale Sync="TRUE">0</attscale></attr><attr><attrlabl Sync="TRUE">nombre</attrlabl><attalias Sync="TRUE">NOMBRE</attalias><attrtype Sync="TRUE">String</attrtype><attwidth Sync="TRUE">100</attwidth><atprecis Sync="TRUE">0</atprecis><attscale Sync="TRUE">0</attscale></attr><attr><attrlabl Sync="TRUE">obs</attrlabl><attalias Sync="TRUE">obs</attalias><attrtype Sync="TRUE">String</attrtype><attwidth Sync="TRUE">254</attwidth><atprecis Sync="TRUE">0</atprecis><attscale Sync="TRUE">0</attscale></attr><attr><attrlabl Sync="TRUE">Shape_Length</attrlabl><attalias Sync="TRUE">Shape_Length</attalias><attrtype Sync="TRUE">Double</attrtype><attwidth Sync="TRUE">8</attwidth><atprecis Sync="TRUE">0</atprecis><attscale Sync="TRUE">0</attscale><attrdef Sync="TRUE">Length of feature in internal units.</attrdef><attrdefs Sync="TRUE">Esri</attrdefs><attrdomv><udom Sync="TRUE">Positive real numbers that are automatically generated.</udom></attrdomv></attr><attr><attrlabl Sync="TRUE">Shape_Area</attrlabl><attalias Sync="TRUE">Shape_Area</attalias><attrtype Sync="TRUE">Double</attrtype><attwidth Sync="TRUE">8</attwidth><atprecis Sync="TRUE">0</atprecis><attscale Sync="TRUE">0</attscale><attrdef Sync="TRUE">Area of feature in internal units squared.</attrdef><attrdefs Sync="TRUE">Esri</attrdefs><attrdomv><udom Sync="TRUE">Positive real numbers that are automatically generated.</udom></attrdomv></attr></detailed></eainfo><mdDateSt Sync="TRUE">20190305</mdDateSt></metadata>
