<?xml version="1.0" encoding="UTF-8"?>
<metadata xml:lang="es"><Esri><CreaDate>20260212</CreaDate><CreaTime>13544800</CreaTime><ArcGISFormat>1.0</ArcGISFormat><SyncOnce>TRUE</SyncOnce><DataProperties><lineage><Process ToolSource="c:\program files\arcgis\pro\Resources\ArcToolbox\toolboxes\Conversion Tools.tbx\ExportCAD" Date="20260212" Time="135448">ExportCAD CICLOVIAS_EXISTENTES DWG_R2018 "C:\Users\Felipe Acosta\OneDrive - IMPLAN CHIHUAHUA\Consultas\Folio_080155526000013_Cartografia_Ciclovias_Existentes\DWG\CICLOVIAS_EXISTENTES.dwg" Ignore_Filenames_in_Tables Overwrite_Existing_Files #</Process></lineage></DataProperties></Esri></metadata>
