<?xml version="1.0" encoding="UTF-8"?>
<metadata xml:lang="es"><Esri><CreaDate>20240403</CreaDate><CreaTime>12204200</CreaTime><ArcGISFormat>1.0</ArcGISFormat><SyncOnce>FALSE</SyncOnce><DataProperties><itemProps><itemName Sync="TRUE">planeacion_especifica_2023</itemName><imsContentType Sync="TRUE">002</imsContentType><itemLocation><linkage Sync="TRUE">file://\\10.218.108.49\Planeacion\PDUCP\2023\07_cartografia\gdb\PDU2040_2023_CP.gdb</linkage><protocol Sync="TRUE">Local Area Network</protocol></itemLocation></itemProps><coordRef><type Sync="TRUE">Projected</type><geogcsn Sync="TRUE">GCS_ITRF_2008</geogcsn><csUnits Sync="TRUE">Linear Unit: Meter (1.000000)</csUnits><projcsn Sync="TRUE">MEXICO_ITRF_2008_UTM_Zone_13N</projcsn><peXml Sync="TRUE">&lt;ProjectedCoordinateSystem xsi:type='typens:ProjectedCoordinateSystem' xmlns:xsi='http://www.w3.org/2001/XMLSchema-instance' xmlns:xs='http://www.w3.org/2001/XMLSchema' xmlns:typens='http://www.esri.com/schemas/ArcGIS/10.8'&gt;&lt;WKT&gt;PROJCS[&amp;quot;MEXICO_ITRF_2008_UTM_Zone_13N&amp;quot;,GEOGCS[&amp;quot;ITRF_2008&amp;quot;,DATUM[&amp;quot;D_ITRF_2008&amp;quot;,SPHEROID[&amp;quot;GRS_1980&amp;quot;,6378137.0,298.257222101]],PRIMEM[&amp;quot;Greenwich&amp;quot;,0.0],UNIT[&amp;quot;Degree&amp;quot;,0.0174532925199433]],PROJECTION[&amp;quot;Transverse_Mercator&amp;quot;],PARAMETER[&amp;quot;False_Easting&amp;quot;,500000.0],PARAMETER[&amp;quot;False_Northing&amp;quot;,0.0],PARAMETER[&amp;quot;Central_Meridian&amp;quot;,-105.0],PARAMETER[&amp;quot;Scale_Factor&amp;quot;,0.9996],PARAMETER[&amp;quot;Latitude_Of_Origin&amp;quot;,0.0],UNIT[&amp;quot;Meter&amp;quot;,1.0]]&lt;/WKT&gt;&lt;XOrigin&gt;-5120900&lt;/XOrigin&gt;&lt;YOrigin&gt;-9998100&lt;/YOrigin&gt;&lt;XYScale&gt;10000&lt;/XYScale&gt;&lt;ZOrigin&gt;-100000&lt;/ZOrigin&gt;&lt;ZScale&gt;10000&lt;/ZScale&gt;&lt;MOrigin&gt;-100000&lt;/MOrigin&gt;&lt;MScale&gt;10000&lt;/MScale&gt;&lt;XYTolerance&gt;0.001&lt;/XYTolerance&gt;&lt;ZTolerance&gt;0.001&lt;/ZTolerance&gt;&lt;MTolerance&gt;0.001&lt;/MTolerance&gt;&lt;HighPrecision&gt;true&lt;/HighPrecision&gt;&lt;/ProjectedCoordinateSystem&gt;</peXml></coordRef><lineage><Process ToolSource="c:\program files (x86)\arcgis\desktop10.6\ArcToolbox\Toolboxes\Data Management Tools.tbx\Merge" Date="20190305" Time="103927">Merge Z:\gdb\Hidrografia.gdb\Hidrografia\cuerpo_de_agua;N:\Activo\IMPLAN2017\GM1702_Restitucion_Planimetrica\seguimiento\Entrega10\Hidrologia\CuerpodeAgua.shp Z:\gdb_cuu\Hidrografia.gdb\Hidrografia\cuerpo_de_agua "SHAPE_Length "SHAPE_Length" false true true 8 Double 0 0 ,First,#,Z:\gdb\Hidrografia.gdb\Hidrografia\cuerpo_de_agua,SHAPE_Length,-1,-1;SHAPE_Area "SHAPE_Area" false true true 8 Double 0 0 ,First,#,Z:\gdb\Hidrografia.gdb\Hidrografia\cuerpo_de_agua,SHAPE_Area,-1,-1,N:\Activo\IMPLAN2017\GM1702_Restitucion_Planimetrica\seguimiento\Entrega10\Hidrologia\CuerpodeAgua.shp,SHAPE_Area,-1,-1;obj_geo "OBJETO GEOGRÁFICO" true true false 50 Text 0 0 ,First,#,Z:\gdb\Hidrografia.gdb\Hidrografia\cuerpo_de_agua,obj_geo,-1,-1;cod_obj_geo "CÓDIGO DEL OBJETO GEOGRÁFICO" true true false 9 Text 0 0 ,First,#,Z:\gdb\Hidrografia.gdb\Hidrografia\cuerpo_de_agua,cod_obj_geo,-1,-1;cve_ent "CLAVE DEL ESTADO" true true false 2 Text 0 0 ,First,#,Z:\gdb\Hidrografia.gdb\Hidrografia\cuerpo_de_agua,cve_ent,-1,-1,N:\Activo\IMPLAN2017\GM1702_Restitucion_Planimetrica\seguimiento\Entrega10\Hidrologia\CuerpodeAgua.shp,Cve_Ent,-1,-1;cve_mun "CLAVE DEL MUNICIPIO" true true false 3 Text 0 0 ,First,#,Z:\gdb\Hidrografia.gdb\Hidrografia\cuerpo_de_agua,cve_mun,-1,-1,N:\Activo\IMPLAN2017\GM1702_Restitucion_Planimetrica\seguimiento\Entrega10\Hidrologia\CuerpodeAgua.shp,Cve_mun,-1,-1;cve_loc "CLAVE DE LOCALIDAD" true true false 4 Text 0 0 ,First,#,Z:\gdb\Hidrografia.gdb\Hidrografia\cuerpo_de_agua,cve_loc,-1,-1,N:\Activo\IMPLAN2017\GM1702_Restitucion_Planimetrica\seguimiento\Entrega10\Hidrologia\CuerpodeAgua.shp,Cve_loc,-1,-1;cve_cd "CLAVE DE CIUDAD" true true false 2 Text 0 0 ,First,#,Z:\gdb\Hidrografia.gdb\Hidrografia\cuerpo_de_agua,cve_cd,-1,-1;zonif_prm "ZONIFICACIÓN PRIMARIA" true true false 6 Text 0 0 ,First,#,Z:\gdb\Hidrografia.gdb\Hidrografia\cuerpo_de_agua,zonif_prm,-1,-1;jrsdccn "JURISDICCIÓN" true true false 8 Text 0 0 ,First,#,Z:\gdb\Hidrografia.gdb\Hidrografia\cuerpo_de_agua,jrsdccn,-1,-1;cal_pos "CALIFICADOR DE POSICIÓN" true true false 2 Text 0 0 ,First,#,Z:\gdb\Hidrografia.gdb\Hidrografia\cuerpo_de_agua,cal_pos,-1,-1,N:\Activo\IMPLAN2017\GM1702_Restitucion_Planimetrica\seguimiento\Entrega10\Hidrologia\CuerpodeAgua.shp,Cal_pos,-1,-1;fecha_act "FECHA DE ACTUALIZACIÓN" true true false 8 Date 0 0 ,First,#,Z:\gdb\Hidrografia.gdb\Hidrografia\cuerpo_de_agua,fecha_act,-1,-1;a_mod "AÑO DE MODIFICACIÓN" true true false 2 Short 0 0 ,First,#,Z:\gdb\Hidrografia.gdb\Hidrografia\cuerpo_de_agua,a_mod,-1,-1;institucion "INSTITUCIÓN" true true false 50 Text 0 0 ,First,#,Z:\gdb\Hidrografia.gdb\Hidrografia\cuerpo_de_agua,institucion,-1,-1;fte_inf "FUENTE DE INFORMACIÓN" true true false 100 Text 0 0 ,First,#,Z:\gdb\Hidrografia.gdb\Hidrografia\cuerpo_de_agua,fte_inf,-1,-1;cond "CONDICIÓN" true true false 25 Text 0 0 ,First,#,Z:\gdb\Hidrografia.gdb\Hidrografia\cuerpo_de_agua,Cond,-1,-1;nombre "NOMBRE" true true false 100 Text 0 0 ,First,#,Z:\gdb\Hidrografia.gdb\Hidrografia\cuerpo_de_agua,Nombre,-1,-1;obs "obs" true true false 254 Text 0 0 ,First,#,N:\Activo\IMPLAN2017\GM1702_Restitucion_Planimetrica\seguimiento\Entrega10\Hidrologia\CuerpodeAgua.shp,OBS,-1,-1"</Process><Process ToolSource="c:\program files (x86)\arcgis\desktop10.6\ArcToolbox\Toolboxes\Data Management Tools.tbx\CalculateField" Date="20190409" Time="133254">CalculateField cuerpo_de_agua_2014 cve_ent "08" VB #</Process><Process ToolSource="c:\program files (x86)\arcgis\desktop10.6\ArcToolbox\Toolboxes\Data Management Tools.tbx\CalculateField" Date="20190409" Time="133304">CalculateField cuerpo_de_agua_2014 fte_inf "IMPLAN, Subdirección de Catastro" VB #</Process><Process ToolSource="c:\program files (x86)\arcgis\desktop10.7\ArcToolbox\Toolboxes\Data Management Tools.tbx\Append" Date="20190722" Time="143045">Append 'Planeación específica\Zonas de Integración al Desarrollo';'Planeación específica\Centro Urbano y Subcentros';'Planeación específica\CentroUrbano';'Planeación específica\Polígonos de Actuación';'Planeación específica\Corredores de Movilidad' Z:\gdb_cuu\pdu2040_2016.gdb\planeacion_y_condicionantes\planeacion_especifica NO_TEST "obj_geo "OBJETO GEOGRÁFICO" true true false 50 Text 0 0 ,First,#;cod_obj_geo "CÓDIGO DEL OBJETO GEOGRÁFICO" true true false 9 Text 0 0 ,First,#;cve_ent "CLAVE DEL ESTADO" true true false 2 Text 0 0 ,First,#;cve_mun "CLAVE DEL MUNICIPIO" true true false 3 Text 0 0 ,First,#;cve_loc "CLAVE DE LOCALIDAD" true true false 4 Text 0 0 ,First,#;cve_cd "CLAVE DE CIUDAD" true true false 2 Text 0 0 ,First,#;zonif_prm "ZONIFICACIÓN PRIMARIA" true true false 6 Text 0 0 ,First,#;jrsdccn "JURISDICCIÓN" true true false 8 Text 0 0 ,First,#;cal_pos "CALIFICADOR DE POSICIÓN" true true false 2 Text 0 0 ,First,#;fecha_act "FECHA DE ACTUALIZACIÓN" true true false 8 Date 0 0 ,First,#;a_mod "AÑO DE MODIFICACIÓN" true true false 2 Short 0 0 ,First,#;institucion "INSTITUCIÓN" true true false 50 Text 0 0 ,First,#;fte_inf "FUENTE DE INFORMACIÓN" true true false 100 Text 0 0 ,First,#;Identificador "IDENTIFICADOR" true true false 10 Text 0 0 ,First,#,Planeación específica\Zonas de Integración al Desarrollo,Clave,-1,-1,Planeación específica\Centro Urbano y Subcentros,Clave,-1,-1,Planeación específica\CentroUrbano,Clave,-1,-1,Planeación específica\Polígonos de Actuación,Clave,-1,-1,Planeación específica\Corredores de Movilidad,Clave,-1,-1;categria "CATEGORÍA" true true false 50 Text 0 0 ,First,#,Planeación específica\Zonas de Integración al Desarrollo,Categria,-1,-1,Planeación específica\Centro Urbano y Subcentros,Categria,-1,-1,Planeación específica\CentroUrbano,Categria,-1,-1,Planeación específica\Polígonos de Actuación,Categria,-1,-1;descgen "DESCRIPCIÓN GENERAL" true true false 50 Text 0 0 ,First,#,Planeación específica\Zonas de Integración al Desarrollo,DescGen,-1,-1,Planeación específica\Centro Urbano y Subcentros,DescGen,-1,-1,Planeación específica\CentroUrbano,DescGen,-1,-1,Planeación específica\Polígonos de Actuación,DescGen,-1,-1,Planeación específica\Corredores de Movilidad,DescGen,-1,-1;nombre "NOMBRE" true true false 100 Text 0 0 ,First,#,Planeación específica\Zonas de Integración al Desarrollo,Nombre,-1,-1,Planeación específica\Centro Urbano y Subcentros,Nombre,-1,-1,Planeación específica\CentroUrbano,Nombre,-1,-1,Planeación específica\Polígonos de Actuación,Nombre,-1,-1,Planeación específica\Corredores de Movilidad,Nombre,-1,-1;descrip "DESCRIPCIÓN ESPECÍFICA" true true false 1000 Text 0 0 ,First,#,Planeación específica\Zonas de Integración al Desarrollo,Descrip,-1,-1,Planeación específica\Centro Urbano y Subcentros,Descrip,-1,-1,Planeación específica\CentroUrbano,Descrip,-1,-1,Planeación específica\Polígonos de Actuación,Descrip,-1,-1,Planeación específica\Corredores de Movilidad,Descrip,-1,-1;rfrencia "REFERENCIA PDU2040" true true false 1000 Text 0 0 ,First,#,Planeación específica\Centro Urbano y Subcentros,Rfrencia,-1,-1,Planeación específica\CentroUrbano,Rfrencia,-1,-1,Planeación específica\Polígonos de Actuación,Rfrencia,-1,-1,Planeación específica\Corredores de Movilidad,Rfrencia,-1,-1;sup_has "SUPERFICIE (HAS.)" true true false 8 Double 0 0 ,First,#,Planeación específica\Zonas de Integración al Desarrollo,Sup_Has,-1,-1,Planeación específica\Centro Urbano y Subcentros,Sup_Has,-1,-1,Planeación específica\CentroUrbano,Sup_Has,-1,-1,Planeación específica\Polígonos de Actuación,Sup_Has,-1,-1,Planeación específica\Corredores de Movilidad,Sup_Has,-1,-1;catplan "CatPlan" true true false 2 Short 0 0 ,First,#,Planeación específica\Zonas de Integración al Desarrollo,CatPlan,-1,-1,Planeación específica\Centro Urbano y Subcentros,CatPlan,-1,-1,Planeación específica\CentroUrbano,CatPlan,-1,-1,Planeación específica\Polígonos de Actuación,CatPlan,-1,-1,Planeación específica\Corredores de Movilidad,CatPlan,-1,-1;Shape_Length "Shape_Length" false true true 8 Double 0 0 ,First,#,Planeación específica\Zonas de Integración al Desarrollo,Shape_Length,-1,-1,Planeación específica\Centro Urbano y Subcentros,Shape_Length,-1,-1,Planeación específica\CentroUrbano,Shape_Length,-1,-1,Planeación específica\Polígonos de Actuación,Shape_Length,-1,-1,Planeación específica\Corredores de Movilidad,Shape_Length,-1,-1;Shape_Area "Shape_Area" false true true 8 Double 0 0 ,First,#,Planeación específica\Zonas de Integración al Desarrollo,Shape_Area,-1,-1,Planeación específica\Centro Urbano y Subcentros,Shape_Area,-1,-1,Planeación específica\CentroUrbano,Shape_Area,-1,-1,Planeación específica\Polígonos de Actuación,Shape_Area,-1,-1,Planeación específica\Corredores de Movilidad,Shape_Area,-1,-1" #</Process><Process ToolSource="c:\program files (x86)\arcgis\desktop10.7\ArcToolbox\Toolboxes\Data Management Tools.tbx\Append" Date="20190731" Time="145552">Append 'Planeación específica\Zonas de Integración al Desarrollo' Planeación NO_TEST "obj_geo "OBJETO GEOGRÁFICO" true true false 50 Text 0 0 ,First,#;cod_obj_geo "CÓDIGO DEL OBJETO GEOGRÁFICO" true true false 9 Text 0 0 ,First,#;cve_ent "CLAVE DEL ESTADO" true true false 2 Text 0 0 ,First,#;cve_mun "CLAVE DEL MUNICIPIO" true true false 3 Text 0 0 ,First,#;cve_loc "CLAVE DE LOCALIDAD" true true false 4 Text 0 0 ,First,#;cve_cd "CLAVE DE CIUDAD" true true false 2 Text 0 0 ,First,#;zonif_prm "ZONIFICACIÓN PRIMARIA" true true false 6 Text 0 0 ,First,#;jrsdccn "JURISDICCIÓN" true true false 8 Text 0 0 ,First,#;cal_pos "CALIFICADOR DE POSICIÓN" true true false 2 Text 0 0 ,First,#;fecha_act "FECHA DE ACTUALIZACIÓN" true true false 8 Date 0 0 ,First,#;a_mod "AÑO DE MODIFICACIÓN" true true false 2 Short 0 0 ,First,#;institucion "INSTITUCIÓN" true true false 50 Text 0 0 ,First,#;fte_inf "FUENTE DE INFORMACIÓN" true true false 100 Text 0 0 ,First,#;Identificador "IDENTIFICADOR" true true false 10 Text 0 0 ,First,#,Planeación específica\Zonas de Integración al Desarrollo,Clave,-1,-1;categria "CATEGORÍA" true true false 50 Text 0 0 ,First,#,Planeación específica\Zonas de Integración al Desarrollo,Categria,-1,-1;descgen "DESCRIPCIÓN GENERAL" true true false 50 Text 0 0 ,First,#,Planeación específica\Zonas de Integración al Desarrollo,DescGen,-1,-1;nombre "NOMBRE" true true false 100 Text 0 0 ,First,#,Planeación específica\Zonas de Integración al Desarrollo,Nombre,-1,-1;descrip "DESCRIPCIÓN ESPECÍFICA" true true false 1000 Text 0 0 ,First,#,Planeación específica\Zonas de Integración al Desarrollo,Descrip,-1,-1;rfrencia "REFERENCIA PDU2040" true true false 1000 Text 0 0 ,First,#,Planeación específica\Zonas de Integración al Desarrollo,Refrencia,-1,-1;sup_has "SUPERFICIE (HAS.)" true true false 8 Double 0 0 ,First,#,Planeación específica\Zonas de Integración al Desarrollo,Sup_Has,-1,-1;catplan "CatPlan" true true false 2 Short 0 0 ,First,#,Planeación específica\Zonas de Integración al Desarrollo,CatPlan,-1,-1;Shape_Length "Shape_Length" false true true 8 Double 0 0 ,First,#,Planeación específica\Zonas de Integración al Desarrollo,Shape_Length,-1,-1;Shape_Area "Shape_Area" false true true 8 Double 0 0 ,First,#,Planeación específica\Zonas de Integración al Desarrollo,Shape_Area,-1,-1;tp_pnan "TIPO DE PLANEACION ESPECIFICA" true true false 2 Short 0 0 ,First,#" #</Process><Process ToolSource="c:\program files (x86)\arcgis\desktop10.7\ArcToolbox\Toolboxes\Data Management Tools.tbx\CalculateField" Date="20190731" Time="145610">CalculateField Planeación tp_pnan "01" VB #</Process><Process ToolSource="c:\program files (x86)\arcgis\desktop10.7\ArcToolbox\Toolboxes\Data Management Tools.tbx\Append" Date="20190731" Time="145624">Append 'Planeación específica\Centro Urbano y Subcentros' Planeación TEST # #</Process><Process ToolSource="c:\program files (x86)\arcgis\desktop10.7\ArcToolbox\Toolboxes\Data Management Tools.tbx\Append" Date="20190731" Time="145657">Append 'Planeación específica\Centro Urbano y Subcentros' Planeación NO_TEST "obj_geo "OBJETO GEOGRÁFICO" true true false 50 Text 0 0 ,First,#;cod_obj_geo "CÓDIGO DEL OBJETO GEOGRÁFICO" true true false 9 Text 0 0 ,First,#;cve_ent "CLAVE DEL ESTADO" true true false 2 Text 0 0 ,First,#;cve_mun "CLAVE DEL MUNICIPIO" true true false 3 Text 0 0 ,First,#;cve_loc "CLAVE DE LOCALIDAD" true true false 4 Text 0 0 ,First,#;cve_cd "CLAVE DE CIUDAD" true true false 2 Text 0 0 ,First,#;zonif_prm "ZONIFICACIÓN PRIMARIA" true true false 6 Text 0 0 ,First,#;jrsdccn "JURISDICCIÓN" true true false 8 Text 0 0 ,First,#;cal_pos "CALIFICADOR DE POSICIÓN" true true false 2 Text 0 0 ,First,#;fecha_act "FECHA DE ACTUALIZACIÓN" true true false 8 Date 0 0 ,First,#;a_mod "AÑO DE MODIFICACIÓN" true true false 2 Short 0 0 ,First,#;institucion "INSTITUCIÓN" true true false 50 Text 0 0 ,First,#;fte_inf "FUENTE DE INFORMACIÓN" true true false 100 Text 0 0 ,First,#;Identificador "IDENTIFICADOR" true true false 10 Text 0 0 ,First,#,Planeación específica\Centro Urbano y Subcentros,Clave,-1,-1;categria "CATEGORÍA" true true false 50 Text 0 0 ,First,#,Planeación específica\Centro Urbano y Subcentros,Categria,-1,-1;descgen "DESCRIPCIÓN GENERAL" true true false 50 Text 0 0 ,First,#,Planeación específica\Centro Urbano y Subcentros,DescGen,-1,-1;nombre "NOMBRE" true true false 100 Text 0 0 ,First,#,Planeación específica\Centro Urbano y Subcentros,Nombre,-1,-1;descrip "DESCRIPCIÓN ESPECÍFICA" true true false 1000 Text 0 0 ,First,#,Planeación específica\Centro Urbano y Subcentros,Descrip,-1,-1;rfrencia "REFERENCIA PDU2040" true true false 1000 Text 0 0 ,First,#,Planeación específica\Centro Urbano y Subcentros,Rfrencia,-1,-1;sup_has "SUPERFICIE (HAS.)" true true false 8 Double 0 0 ,First,#,Planeación específica\Centro Urbano y Subcentros,Sup_Has,-1,-1;catplan "CatPlan" true true false 2 Short 0 0 ,First,#,Planeación específica\Centro Urbano y Subcentros,CatPlan,-1,-1;Shape_Length "Shape_Length" false true true 8 Double 0 0 ,First,#,Planeación específica\Centro Urbano y Subcentros,Shape_Length,-1,-1;Shape_Area "Shape_Area" false true true 8 Double 0 0 ,First,#,Planeación específica\Centro Urbano y Subcentros,Shape_Area,-1,-1;tp_pnan "TIPO DE PLANEACION ESPECIFICA" true true false 2 Short 0 0 ,First,#" #</Process><Process ToolSource="c:\program files (x86)\arcgis\desktop10.7\ArcToolbox\Toolboxes\Data Management Tools.tbx\CalculateField" Date="20190731" Time="145712">CalculateField Planeación tp_pnan "02" VB #</Process><Process ToolSource="c:\program files (x86)\arcgis\desktop10.7\ArcToolbox\Toolboxes\Data Management Tools.tbx\Append" Date="20190731" Time="145736">Append 'Planeación específica\CentroUrbano' Planeación NO_TEST "obj_geo "OBJETO GEOGRÁFICO" true true false 50 Text 0 0 ,First,#;cod_obj_geo "CÓDIGO DEL OBJETO GEOGRÁFICO" true true false 9 Text 0 0 ,First,#;cve_ent "CLAVE DEL ESTADO" true true false 2 Text 0 0 ,First,#;cve_mun "CLAVE DEL MUNICIPIO" true true false 3 Text 0 0 ,First,#;cve_loc "CLAVE DE LOCALIDAD" true true false 4 Text 0 0 ,First,#;cve_cd "CLAVE DE CIUDAD" true true false 2 Text 0 0 ,First,#;zonif_prm "ZONIFICACIÓN PRIMARIA" true true false 6 Text 0 0 ,First,#;jrsdccn "JURISDICCIÓN" true true false 8 Text 0 0 ,First,#;cal_pos "CALIFICADOR DE POSICIÓN" true true false 2 Text 0 0 ,First,#;fecha_act "FECHA DE ACTUALIZACIÓN" true true false 8 Date 0 0 ,First,#;a_mod "AÑO DE MODIFICACIÓN" true true false 2 Short 0 0 ,First,#;institucion "INSTITUCIÓN" true true false 50 Text 0 0 ,First,#;fte_inf "FUENTE DE INFORMACIÓN" true true false 100 Text 0 0 ,First,#;Identificador "IDENTIFICADOR" true true false 10 Text 0 0 ,First,#,Planeación específica\CentroUrbano,Clave,-1,-1;categria "CATEGORÍA" true true false 50 Text 0 0 ,First,#,Planeación específica\CentroUrbano,Categria,-1,-1;descgen "DESCRIPCIÓN GENERAL" true true false 50 Text 0 0 ,First,#,Planeación específica\CentroUrbano,DescGen,-1,-1;nombre "NOMBRE" true true false 100 Text 0 0 ,First,#,Planeación específica\CentroUrbano,Nombre,-1,-1;descrip "DESCRIPCIÓN ESPECÍFICA" true true false 1000 Text 0 0 ,First,#,Planeación específica\CentroUrbano,Descrip,-1,-1;rfrencia "REFERENCIA PDU2040" true true false 1000 Text 0 0 ,First,#,Planeación específica\CentroUrbano,Rfrencia,-1,-1;sup_has "SUPERFICIE (HAS.)" true true false 8 Double 0 0 ,First,#,Planeación específica\CentroUrbano,Sup_Has,-1,-1;catplan "CatPlan" true true false 2 Short 0 0 ,First,#,Planeación específica\CentroUrbano,CatPlan,-1,-1;Shape_Length "Shape_Length" false true true 8 Double 0 0 ,First,#,Planeación específica\CentroUrbano,Shape_Length,-1,-1;Shape_Area "Shape_Area" false true true 8 Double 0 0 ,First,#,Planeación específica\CentroUrbano,Shape_Area,-1,-1;tp_pnan "TIPO DE PLANEACION ESPECIFICA" true true false 2 Short 0 0 ,First,#" #</Process><Process ToolSource="c:\program files (x86)\arcgis\desktop10.7\ArcToolbox\Toolboxes\Data Management Tools.tbx\CalculateField" Date="20190731" Time="145753">CalculateField Planeación tp_pnan "03" VB #</Process><Process ToolSource="c:\program files (x86)\arcgis\desktop10.7\ArcToolbox\Toolboxes\Data Management Tools.tbx\Append" Date="20190731" Time="145821">Append 'Planeación específica\Polígonos de Actuación' Planeación NO_TEST "obj_geo "OBJETO GEOGRÁFICO" true true false 50 Text 0 0 ,First,#;cod_obj_geo "CÓDIGO DEL OBJETO GEOGRÁFICO" true true false 9 Text 0 0 ,First,#;cve_ent "CLAVE DEL ESTADO" true true false 2 Text 0 0 ,First,#;cve_mun "CLAVE DEL MUNICIPIO" true true false 3 Text 0 0 ,First,#;cve_loc "CLAVE DE LOCALIDAD" true true false 4 Text 0 0 ,First,#;cve_cd "CLAVE DE CIUDAD" true true false 2 Text 0 0 ,First,#;zonif_prm "ZONIFICACIÓN PRIMARIA" true true false 6 Text 0 0 ,First,#;jrsdccn "JURISDICCIÓN" true true false 8 Text 0 0 ,First,#;cal_pos "CALIFICADOR DE POSICIÓN" true true false 2 Text 0 0 ,First,#;fecha_act "FECHA DE ACTUALIZACIÓN" true true false 8 Date 0 0 ,First,#;a_mod "AÑO DE MODIFICACIÓN" true true false 2 Short 0 0 ,First,#;institucion "INSTITUCIÓN" true true false 50 Text 0 0 ,First,#;fte_inf "FUENTE DE INFORMACIÓN" true true false 100 Text 0 0 ,First,#;Identificador "IDENTIFICADOR" true true false 10 Text 0 0 ,First,#,Planeación específica\Polígonos de Actuación,Clave,-1,-1;categria "CATEGORÍA" true true false 50 Text 0 0 ,First,#,Planeación específica\Polígonos de Actuación,Categria,-1,-1;descgen "DESCRIPCIÓN GENERAL" true true false 50 Text 0 0 ,First,#,Planeación específica\Polígonos de Actuación,DescGen,-1,-1;nombre "NOMBRE" true true false 100 Text 0 0 ,First,#,Planeación específica\Polígonos de Actuación,Nombre,-1,-1;descrip "DESCRIPCIÓN ESPECÍFICA" true true false 1000 Text 0 0 ,First,#,Planeación específica\Polígonos de Actuación,Descrip,-1,-1;rfrencia "REFERENCIA PDU2040" true true false 1000 Text 0 0 ,First,#,Planeación específica\Polígonos de Actuación,Rfrencia,-1,-1;sup_has "SUPERFICIE (HAS.)" true true false 8 Double 0 0 ,First,#,Planeación específica\Polígonos de Actuación,Sup_Has,-1,-1;catplan "CatPlan" true true false 2 Short 0 0 ,First,#,Planeación específica\Polígonos de Actuación,CatPlan,-1,-1;Shape_Length "Shape_Length" false true true 8 Double 0 0 ,First,#,Planeación específica\Polígonos de Actuación,Shape_Length,-1,-1;Shape_Area "Shape_Area" false true true 8 Double 0 0 ,First,#,Planeación específica\Polígonos de Actuación,Shape_Area,-1,-1;tp_pnan "TIPO DE PLANEACION ESPECIFICA" true true false 2 Short 0 0 ,First,#" #</Process><Process ToolSource="c:\program files (x86)\arcgis\desktop10.7\ArcToolbox\Toolboxes\Data Management Tools.tbx\CalculateField" Date="20190731" Time="145837">CalculateField Planeación tp_pnan "04" VB #</Process><Process ToolSource="c:\program files (x86)\arcgis\desktop10.7\ArcToolbox\Toolboxes\Data Management Tools.tbx\Append" Date="20190731" Time="145916">Append 'Planeación específica\Corredores de Movilidad' Planeación NO_TEST "obj_geo "OBJETO GEOGRÁFICO" true true false 50 Text 0 0 ,First,#;cod_obj_geo "CÓDIGO DEL OBJETO GEOGRÁFICO" true true false 9 Text 0 0 ,First,#;cve_ent "CLAVE DEL ESTADO" true true false 2 Text 0 0 ,First,#;cve_mun "CLAVE DEL MUNICIPIO" true true false 3 Text 0 0 ,First,#;cve_loc "CLAVE DE LOCALIDAD" true true false 4 Text 0 0 ,First,#;cve_cd "CLAVE DE CIUDAD" true true false 2 Text 0 0 ,First,#;zonif_prm "ZONIFICACIÓN PRIMARIA" true true false 6 Text 0 0 ,First,#;jrsdccn "JURISDICCIÓN" true true false 8 Text 0 0 ,First,#;cal_pos "CALIFICADOR DE POSICIÓN" true true false 2 Text 0 0 ,First,#;fecha_act "FECHA DE ACTUALIZACIÓN" true true false 8 Date 0 0 ,First,#;a_mod "AÑO DE MODIFICACIÓN" true true false 2 Short 0 0 ,First,#;institucion "INSTITUCIÓN" true true false 50 Text 0 0 ,First,#;fte_inf "FUENTE DE INFORMACIÓN" true true false 100 Text 0 0 ,First,#;Identificador "IDENTIFICADOR" true true false 10 Text 0 0 ,First,#,Planeación específica\Corredores de Movilidad,Clave,-1,-1;categria "CATEGORÍA" true true false 50 Text 0 0 ,First,#,Planeación específica\Corredores de Movilidad,Categoria,-1,-1;descgen "DESCRIPCIÓN GENERAL" true true false 50 Text 0 0 ,First,#,Planeación específica\Corredores de Movilidad,DescGen,-1,-1;nombre "NOMBRE" true true false 100 Text 0 0 ,First,#,Planeación específica\Corredores de Movilidad,Nombre,-1,-1;descrip "DESCRIPCIÓN ESPECÍFICA" true true false 1000 Text 0 0 ,First,#,Planeación específica\Corredores de Movilidad,Descrip,-1,-1;rfrencia "REFERENCIA PDU2040" true true false 1000 Text 0 0 ,First,#,Planeación específica\Corredores de Movilidad,Rfrencia,-1,-1;sup_has "SUPERFICIE (HAS.)" true true false 8 Double 0 0 ,First,#,Planeación específica\Corredores de Movilidad,Sup_Has,-1,-1;catplan "CatPlan" true true false 2 Short 0 0 ,First,#,Planeación específica\Corredores de Movilidad,CatPlan,-1,-1;Shape_Length "Shape_Length" false true true 8 Double 0 0 ,First,#,Planeación específica\Corredores de Movilidad,Shape_Length,-1,-1;Shape_Area "Shape_Area" false true true 8 Double 0 0 ,First,#,Planeación específica\Corredores de Movilidad,Shape_Area,-1,-1;tp_pnan "TIPO DE PLANEACION ESPECIFICA" true true false 2 Short 0 0 ,First,#" #</Process><Process ToolSource="c:\program files (x86)\arcgis\desktop10.7\ArcToolbox\Toolboxes\Data Management Tools.tbx\CalculateField" Date="20190731" Time="145931">CalculateField Planeación tp_pnan "05" VB #</Process><Process ToolSource="c:\program files (x86)\arcgis\desktop10.7\ArcToolbox\Toolboxes\Data Management Tools.tbx\CalculateField" Date="20190731" Time="145947">CalculateField Planeación cve_ent "08" VB #</Process><Process ToolSource="c:\program files (x86)\arcgis\desktop10.7\ArcToolbox\Toolboxes\Data Management Tools.tbx\CalculateField" Date="20190731" Time="145954">CalculateField Planeación cve_mun "019" VB #</Process><Process ToolSource="c:\program files (x86)\arcgis\desktop10.7\ArcToolbox\Toolboxes\Data Management Tools.tbx\CalculateField" Date="20190731" Time="150001">CalculateField Planeación cve_loc "0001" VB #</Process><Process ToolSource="c:\program files (x86)\arcgis\desktop10.7\ArcToolbox\Toolboxes\Data Management Tools.tbx\CalculateField" Date="20190731" Time="150009">CalculateField Planeación cve_cd "20" VB #</Process><Process ToolSource="c:\program files (x86)\arcgis\desktop10.7\ArcToolbox\Toolboxes\Data Management Tools.tbx\CalculateField" Date="20190731" Time="150039">CalculateField Planeación jrsdccn "IN_CPCUU" VB #</Process><Process ToolSource="c:\program files (x86)\arcgis\desktop10.7\ArcToolbox\Toolboxes\Data Management Tools.tbx\CalculateField" Date="20190731" Time="150053">CalculateField Planeación institucion "INSTITUTO MUNICIPAL DE PLANEACIÒN DE CHIHUAHUA" VB #</Process><Process ToolSource="c:\program files (x86)\arcgis\desktop10.7\ArcToolbox\Toolboxes\Data Management Tools.tbx\CalculateField" Date="20190805" Time="102807">CalculateField Planeación rfrencia "PDU2040-PARTE CUATRO-10.1.4 Polígonos de Actuación" VB #</Process><Process ToolSource="c:\program files (x86)\arcgis\desktop10.7\ArcToolbox\Toolboxes\Data Management Tools.tbx\CalculateField" Date="20200404" Time="220436">CalculateField Planeación obj_geo "planeacion_especifica" VB #</Process><Process ToolSource="c:\program files (x86)\arcgis\desktop10.7\ArcToolbox\Toolboxes\Data Management Tools.tbx\CalculateField" Date="20200404" Time="220456">CalculateField Planeación cal_pos "01" VB #</Process><Process ToolSource="c:\program files (x86)\arcgis\desktop10.7\ArcToolbox\Toolboxes\Data Management Tools.tbx\CalculateField" Date="20200404" Time="220505">CalculateField Planeación a_mod 2016 VB #</Process><Process ToolSource="c:\program files (x86)\arcgis\desktop10.7\ArcToolbox\Toolboxes\Data Management Tools.tbx\CalculateField" Date="20200404" Time="220518">CalculateField Planeación fecha_act "26/08/2016" VB #</Process><Process ToolSource="c:\program files (x86)\arcgis\desktop10.7\ArcToolbox\Toolboxes\Data Management Tools.tbx\CalculateField" Date="20200405" Time="001927">CalculateField "Planeación Específica" fte_inf "IMPLAN" VB #</Process><Process ToolSource="c:\program files (x86)\arcgis\desktop10.8\ArcToolbox\Toolboxes\Data Management Tools.tbx\CalculateField" Date="20210910" Time="074309">CalculateField "Ordenamiento Territorial y Desarrollo Urbano\PDU2040 (6ta actualización, sept. 2021, vigente)\Planeación Específica" institucion "IMPLAN" VB #</Process><Process ToolSource="c:\program files (x86)\arcgis\desktop10.8\ArcToolbox\Toolboxes\Data Management Tools.tbx\CalculateField" Date="20210910" Time="074405">CalculateField "Ordenamiento Territorial y Desarrollo Urbano\PDU2040 (6ta actualización, sept. 2021, vigente)\Planeación Específica" fecha_act "09/07/2021" VB #</Process><Process ToolSource="c:\program files (x86)\arcgis\desktop10.8\ArcToolbox\Toolboxes\Data Management Tools.tbx\CalculateField" Date="20210910" Time="074420">CalculateField "Ordenamiento Territorial y Desarrollo Urbano\PDU2040 (6ta actualización, sept. 2021, vigente)\Planeación Específica" a_mod 2021 VB #</Process><Process ToolSource="c:\program files (x86)\arcgis\desktop10.8\ArcToolbox\Toolboxes\Data Management Tools.tbx\Append" Date="20230418" Time="112048">Append PLaneacioESp "PDU 2023\CONDICIONANTES Y PL. ESPECÍFICA\Planeación Específica" NO_TEST "obj_geo "OBJETO GEOGRÁFICO" true true false 50 Text 0 0 ,First,#,PLaneacioESp,obj_geo,-1,-1;cod_obj_geo "CÓDIGO DEL OBJETO GEOGRÁFICO" true true false 9 Text 0 0 ,First,#,PLaneacioESp,cod_obj_geo,-1,-1;cve_ent "CLAVE DEL ESTADO" true true false 2 Text 0 0 ,First,#,PLaneacioESp,cve_ent,-1,-1;cve_mun "CLAVE DEL MUNICIPIO" true true false 3 Text 0 0 ,First,#,PLaneacioESp,cve_mun,-1,-1;cve_loc "CLAVE DE LOCALIDAD" true true false 4 Text 0 0 ,First,#,PLaneacioESp,cve_loc,-1,-1;cve_cd "CLAVE DE CIUDAD" true true false 2 Text 0 0 ,First,#,PLaneacioESp,cve_cd,-1,-1;zonif_prm "ZONIFICACIÓN PRIMARIA" true true false 6 Text 0 0 ,First,#,PLaneacioESp,zonif_prm,-1,-1;jrsdccn "JURISDICCIÓN" true true false 8 Text 0 0 ,First,#,PLaneacioESp,jrsdccn,-1,-1;cal_pos "CALIFICADOR DE POSICIÓN" true true false 2 Text 0 0 ,First,#,PLaneacioESp,cal_pos,-1,-1;fecha_act "FECHA DE ACTUALIZACIÓN" true true false 8 Date 0 0 ,First,#,PLaneacioESp,fecha_act,-1,-1;a_mod "AÑO DE MODIFICACIÓN" true true false 2 Short 0 0 ,First,#,PLaneacioESp,a_mod,-1,-1;institucion "INSTITUCIÓN" true true false 50 Text 0 0 ,First,#,PLaneacioESp,institucion,-1,-1;fte_inf "FUENTE DE INFORMACIÓN" true true false 100 Text 0 0 ,First,#,PLaneacioESp,fte_inf,-1,-1;Identificador "IDENTIFICADOR" true true false 10 Text 0 0 ,First,#,PLaneacioESp,Identificador,-1,-1;categria "CATEGORÍA" true true false 50 Text 0 0 ,First,#,PLaneacioESp,categria,-1,-1;descgen "DESCRIPCIÓN GENERAL" true true false 50 Text 0 0 ,First,#,PLaneacioESp,descgen,-1,-1;nombre "NOMBRE" true true false 100 Text 0 0 ,First,#,PLaneacioESp,nombre,-1,-1;descrip "DESCRIPCIÓN ESPECÍFICA" true true false 1000 Text 0 0 ,First,#,PLaneacioESp,descrip,-1,-1;rfrencia "REFERENCIA PDU2040" true true false 1000 Text 0 0 ,First,#,PLaneacioESp,rfrencia,-1,-1;sup_has "SUPERFICIE (HAS.)" true true false 8 Double 0 0 ,First,#,PLaneacioESp,sup_has,-1,-1;catplan "CatPlan" true true false 2 Short 0 0 ,First,#,PLaneacioESp,catplan,-1,-1;tp_pnan "TIPO DE PLANEACION ESPECIFICA" true true false 2 Short 0 0 ,First,#,PLaneacioESp,tp_pnan,-1,-1;Shape_Length "Shape_Length" false true true 8 Double 0 0 ,First,#,PLaneacioESp,Shape_Length,-1,-1;Shape_Area "Shape_Area" false true true 8 Double 0 0 ,First,#,PLaneacioESp,Shape_Area,-1,-1" #</Process><Process ToolSource="c:\program files (x86)\arcgis\desktop10.8\ArcToolbox\Toolboxes\Data Management Tools.tbx\CalculateField" Date="20230418" Time="112642">CalculateField "PDU 2023\CONDICIONANTES Y PL. ESPECÍFICA\Planeación Específica" tp_pnan "Área Natural Protegida" VB #</Process><Process ToolSource="c:\program files (x86)\arcgis\desktop10.8\ArcToolbox\Toolboxes\Data Management Tools.tbx\CalculateField" Date="20230418" Time="112744">CalculateField "PDU 2023\CONDICIONANTES Y PL. ESPECÍFICA\Planeación Específica" tp_pnan "Área Protegida" VB #</Process><Process ToolSource="c:\program files (x86)\arcgis\desktop10.8\ArcToolbox\Toolboxes\Data Management Tools.tbx\AddSubtype" Date="20230418" Time="113613">AddSubtype "PDU 2023\CONDICIONANTES Y PL. ESPECÍFICA\Planeación Específica" 6 "Árean Natural Protegida"</Process><Process ToolSource="c:\program files (x86)\arcgis\desktop10.8\ArcToolbox\Toolboxes\Data Management Tools.tbx\CalculateField" Date="20230418" Time="113636">CalculateField "PDU 2023\CONDICIONANTES Y PL. ESPECÍFICA\Planeación Específica" tp_pnan 6 VB #</Process><Process ToolSource="c:\program files (x86)\arcgis\desktop10.8\ArcToolbox\Toolboxes\Data Management Tools.tbx\Append" Date="20230420" Time="110956">Append SubcentroURBANOA "PDU 2023\CONDICIONANTES Y PL. ESPECÍFICA\Planeación Específica" NO_TEST "obj_geo "OBJETO GEOGRÁFICO" true true false 50 Text 0 0 ,First,#,SubcentroURBANOA,obj_geo,-1,-1;cod_obj_geo "CÓDIGO DEL OBJETO GEOGRÁFICO" true true false 9 Text 0 0 ,First,#,SubcentroURBANOA,cod_obj_geo,-1,-1;cve_ent "CLAVE DEL ESTADO" true true false 2 Text 0 0 ,First,#,SubcentroURBANOA,cve_ent,-1,-1;cve_mun "CLAVE DEL MUNICIPIO" true true false 3 Text 0 0 ,First,#,SubcentroURBANOA,cve_mun,-1,-1;cve_loc "CLAVE DE LOCALIDAD" true true false 4 Text 0 0 ,First,#,SubcentroURBANOA,cve_loc,-1,-1;cve_cd "CLAVE DE CIUDAD" true true false 2 Text 0 0 ,First,#,SubcentroURBANOA,cve_cd,-1,-1;zonif_prm "ZONIFICACIÓN PRIMARIA" true true false 6 Text 0 0 ,First,#,SubcentroURBANOA,zonif_prm,-1,-1;jrsdccn "JURISDICCIÓN" true true false 8 Text 0 0 ,First,#,SubcentroURBANOA,jrsdccn,-1,-1;cal_pos "CALIFICADOR DE POSICIÓN" true true false 2 Text 0 0 ,First,#,SubcentroURBANOA,cal_pos,-1,-1;fecha_act "FECHA DE ACTUALIZACIÓN" true true false 8 Date 0 0 ,First,#,SubcentroURBANOA,fecha_act,-1,-1;a_mod "AÑO DE MODIFICACIÓN" true true false 2 Short 0 0 ,First,#,SubcentroURBANOA,a_mod,-1,-1;institucion "INSTITUCIÓN" true true false 50 Text 0 0 ,First,#,SubcentroURBANOA,institucion,-1,-1;fte_inf "FUENTE DE INFORMACIÓN" true true false 100 Text 0 0 ,First,#,SubcentroURBANOA,fte_inf,-1,-1;Identificador "IDENTIFICADOR" true true false 10 Text 0 0 ,First,#,SubcentroURBANOA,Identificador,-1,-1;categria "CATEGORÍA" true true false 50 Text 0 0 ,First,#,SubcentroURBANOA,categria,-1,-1;descgen "DESCRIPCIÓN GENERAL" true true false 50 Text 0 0 ,First,#,SubcentroURBANOA,descgen,-1,-1;nombre "NOMBRE" true true false 100 Text 0 0 ,First,#,SubcentroURBANOA,nombre,-1,-1;descrip "DESCRIPCIÓN ESPECÍFICA" true true false 1000 Text 0 0 ,First,#,SubcentroURBANOA,descrip,-1,-1;rfrencia "REFERENCIA PDU2040" true true false 1000 Text 0 0 ,First,#,SubcentroURBANOA,rfrencia,-1,-1;sup_has "SUPERFICIE (HAS.)" true true false 8 Double 0 0 ,First,#,SubcentroURBANOA,sup_has,-1,-1;catplan "CatPlan" true true false 2 Short 0 0 ,First,#,SubcentroURBANOA,catplan,-1,-1;tp_pnan "TIPO DE PLANEACION ESPECIFICA" true true false 2 Short 0 0 ,First,#,SubcentroURBANOA,tp_pnan,-1,-1;Shape_Length "Shape_Length" false true true 8 Double 0 0 ,First,#,SubcentroURBANOA,Shape_Length,-1,-1;Shape_Area "Shape_Area" false true true 8 Double 0 0 ,First,#,SubcentroURBANOA,Shape_Area,-1,-1" #</Process><Process ToolSource="c:\program files (x86)\arcgis\desktop10.8\ArcToolbox\Toolboxes\Conversion Tools.tbx\FeatureClassToFeatureClass" Date="20230724" Time="103634">FeatureClassToFeatureClass "P:\Activo\IMPLAN 2021\00_PlanDeLaCiudad2021\09_Consenso_Sectores\10_entregas\compendio_31032023\cartografia\PDU2040_2023.gdb\planeacion_y_condicionantes\planeacion_especifica" T:\PDUCP\2023\07_cartografia\gdb\PDU2040_2023_CP.gdb\planeacion_y_condicionantes planeacion_especifica_2023 # "obj_geo "OBJETO GEOGRÁFICO" true true false 50 Text 0 0 ,First,#,P:\Activo\IMPLAN 2021\00_PlanDeLaCiudad2021\09_Consenso_Sectores\10_entregas\compendio_31032023\cartografia\PDU2040_2023.gdb\planeacion_y_condicionantes\planeacion_especifica,obj_geo,-1,-1;cod_obj_geo "CÓDIGO DEL OBJETO GEOGRÁFICO" true true false 9 Text 0 0 ,First,#,P:\Activo\IMPLAN 2021\00_PlanDeLaCiudad2021\09_Consenso_Sectores\10_entregas\compendio_31032023\cartografia\PDU2040_2023.gdb\planeacion_y_condicionantes\planeacion_especifica,cod_obj_geo,-1,-1;cve_ent "CLAVE DEL ESTADO" true true false 2 Text 0 0 ,First,#,P:\Activo\IMPLAN 2021\00_PlanDeLaCiudad2021\09_Consenso_Sectores\10_entregas\compendio_31032023\cartografia\PDU2040_2023.gdb\planeacion_y_condicionantes\planeacion_especifica,cve_ent,-1,-1;cve_mun "CLAVE DEL MUNICIPIO" true true false 3 Text 0 0 ,First,#,P:\Activo\IMPLAN 2021\00_PlanDeLaCiudad2021\09_Consenso_Sectores\10_entregas\compendio_31032023\cartografia\PDU2040_2023.gdb\planeacion_y_condicionantes\planeacion_especifica,cve_mun,-1,-1;cve_loc "CLAVE DE LOCALIDAD" true true false 4 Text 0 0 ,First,#,P:\Activo\IMPLAN 2021\00_PlanDeLaCiudad2021\09_Consenso_Sectores\10_entregas\compendio_31032023\cartografia\PDU2040_2023.gdb\planeacion_y_condicionantes\planeacion_especifica,cve_loc,-1,-1;cve_cd "CLAVE DE CIUDAD" true true false 2 Text 0 0 ,First,#,P:\Activo\IMPLAN 2021\00_PlanDeLaCiudad2021\09_Consenso_Sectores\10_entregas\compendio_31032023\cartografia\PDU2040_2023.gdb\planeacion_y_condicionantes\planeacion_especifica,cve_cd,-1,-1;zonif_prm "ZONIFICACIÓN PRIMARIA" true true false 6 Text 0 0 ,First,#,P:\Activo\IMPLAN 2021\00_PlanDeLaCiudad2021\09_Consenso_Sectores\10_entregas\compendio_31032023\cartografia\PDU2040_2023.gdb\planeacion_y_condicionantes\planeacion_especifica,zonif_prm,-1,-1;jrsdccn "JURISDICCIÓN" true true false 8 Text 0 0 ,First,#,P:\Activo\IMPLAN 2021\00_PlanDeLaCiudad2021\09_Consenso_Sectores\10_entregas\compendio_31032023\cartografia\PDU2040_2023.gdb\planeacion_y_condicionantes\planeacion_especifica,jrsdccn,-1,-1;cal_pos "CALIFICADOR DE POSICIÓN" true true false 2 Text 0 0 ,First,#,P:\Activo\IMPLAN 2021\00_PlanDeLaCiudad2021\09_Consenso_Sectores\10_entregas\compendio_31032023\cartografia\PDU2040_2023.gdb\planeacion_y_condicionantes\planeacion_especifica,cal_pos,-1,-1;fecha_act "FECHA DE ACTUALIZACIÓN" true true false 8 Date 0 0 ,First,#,P:\Activo\IMPLAN 2021\00_PlanDeLaCiudad2021\09_Consenso_Sectores\10_entregas\compendio_31032023\cartografia\PDU2040_2023.gdb\planeacion_y_condicionantes\planeacion_especifica,fecha_act,-1,-1;a_mod "AÑO DE MODIFICACIÓN" true true false 2 Short 0 0 ,First,#,P:\Activo\IMPLAN 2021\00_PlanDeLaCiudad2021\09_Consenso_Sectores\10_entregas\compendio_31032023\cartografia\PDU2040_2023.gdb\planeacion_y_condicionantes\planeacion_especifica,a_mod,-1,-1;institucion "INSTITUCIÓN" true true false 50 Text 0 0 ,First,#,P:\Activo\IMPLAN 2021\00_PlanDeLaCiudad2021\09_Consenso_Sectores\10_entregas\compendio_31032023\cartografia\PDU2040_2023.gdb\planeacion_y_condicionantes\planeacion_especifica,institucion,-1,-1;fte_inf "FUENTE DE INFORMACIÓN" true true false 100 Text 0 0 ,First,#,P:\Activo\IMPLAN 2021\00_PlanDeLaCiudad2021\09_Consenso_Sectores\10_entregas\compendio_31032023\cartografia\PDU2040_2023.gdb\planeacion_y_condicionantes\planeacion_especifica,fte_inf,-1,-1;Identificador "IDENTIFICADOR" true true false 10 Text 0 0 ,First,#,P:\Activo\IMPLAN 2021\00_PlanDeLaCiudad2021\09_Consenso_Sectores\10_entregas\compendio_31032023\cartografia\PDU2040_2023.gdb\planeacion_y_condicionantes\planeacion_especifica,Identificador,-1,-1;categria "CATEGORÍA" true true false 50 Text 0 0 ,First,#,P:\Activo\IMPLAN 2021\00_PlanDeLaCiudad2021\09_Consenso_Sectores\10_entregas\compendio_31032023\cartografia\PDU2040_2023.gdb\planeacion_y_condicionantes\planeacion_especifica,categria,-1,-1;descgen "DESCRIPCIÓN GENERAL" true true false 50 Text 0 0 ,First,#,P:\Activo\IMPLAN 2021\00_PlanDeLaCiudad2021\09_Consenso_Sectores\10_entregas\compendio_31032023\cartografia\PDU2040_2023.gdb\planeacion_y_condicionantes\planeacion_especifica,descgen,-1,-1;nombre "NOMBRE" true true false 100 Text 0 0 ,First,#,P:\Activo\IMPLAN 2021\00_PlanDeLaCiudad2021\09_Consenso_Sectores\10_entregas\compendio_31032023\cartografia\PDU2040_2023.gdb\planeacion_y_condicionantes\planeacion_especifica,nombre,-1,-1;descrip "DESCRIPCIÓN ESPECÍFICA" true true false 1000 Text 0 0 ,First,#,P:\Activo\IMPLAN 2021\00_PlanDeLaCiudad2021\09_Consenso_Sectores\10_entregas\compendio_31032023\cartografia\PDU2040_2023.gdb\planeacion_y_condicionantes\planeacion_especifica,descrip,-1,-1;rfrencia "REFERENCIA PDU2040" true true false 1000 Text 0 0 ,First,#,P:\Activo\IMPLAN 2021\00_PlanDeLaCiudad2021\09_Consenso_Sectores\10_entregas\compendio_31032023\cartografia\PDU2040_2023.gdb\planeacion_y_condicionantes\planeacion_especifica,rfrencia,-1,-1;sup_has "SUPERFICIE (HAS.)" true true false 8 Double 0 0 ,First,#,P:\Activo\IMPLAN 2021\00_PlanDeLaCiudad2021\09_Consenso_Sectores\10_entregas\compendio_31032023\cartografia\PDU2040_2023.gdb\planeacion_y_condicionantes\planeacion_especifica,sup_has,-1,-1;catplan "CatPlan" true true false 2 Short 0 0 ,First,#,P:\Activo\IMPLAN 2021\00_PlanDeLaCiudad2021\09_Consenso_Sectores\10_entregas\compendio_31032023\cartografia\PDU2040_2023.gdb\planeacion_y_condicionantes\planeacion_especifica,catplan,-1,-1;tp_pnan "TIPO DE PLANEACION ESPECIFICA" true true false 2 Short 0 0 ,First,#,P:\Activo\IMPLAN 2021\00_PlanDeLaCiudad2021\09_Consenso_Sectores\10_entregas\compendio_31032023\cartografia\PDU2040_2023.gdb\planeacion_y_condicionantes\planeacion_especifica,tp_pnan,-1,-1;Shape_Length "Shape_Length" false true true 8 Double 0 0 ,First,#,P:\Activo\IMPLAN 2021\00_PlanDeLaCiudad2021\09_Consenso_Sectores\10_entregas\compendio_31032023\cartografia\PDU2040_2023.gdb\planeacion_y_condicionantes\planeacion_especifica,Shape_Length,-1,-1;Shape_Area "Shape_Area" false true true 8 Double 0 0 ,First,#,P:\Activo\IMPLAN 2021\00_PlanDeLaCiudad2021\09_Consenso_Sectores\10_entregas\compendio_31032023\cartografia\PDU2040_2023.gdb\planeacion_y_condicionantes\planeacion_especifica,Shape_Area,-1,-1" #</Process><Process ToolSource="c:\program files (x86)\arcgis\desktop10.8\ArcToolbox\Toolboxes\Data Management Tools.tbx\CalculateField" Date="20230815" Time="130741">CalculateField planeacion_especifica_2023 categria "Área con Potencial de Protección" VB #</Process><Process ToolSource="c:\program files (x86)\arcgis\desktop10.8\ArcToolbox\Toolboxes\Data Management Tools.tbx\CalculateField" Date="20230815" Time="130840">CalculateField planeacion_especifica_2023 categria "Área Natural Protegida" VB #</Process><Process ToolSource="c:\program files (x86)\arcgis\desktop10.8\ArcToolbox\Toolboxes\Data Management Tools.tbx\CalculateField" Date="20230815" Time="144307">CalculateField planeacion_especifica_2023 rfrencia "6.1.2. Conservación Medioambiental Activa" VB #</Process><Process ToolSource="c:\program files\arcgis\pro\Resources\ArcToolbox\toolboxes\Data Management Tools.tbx\CalculateField" Date="20240222" Time="100102">CalculateField planeacion_especifica_2023 cve_cd "08.1.01" Python # Text NO_ENFORCE_DOMAINS</Process><Process ToolSource="c:\program files\arcgis\pro\Resources\ArcToolbox\toolboxes\Data Management Tools.tbx\UpdateSchema" Date="20240222" Time="100202">UpdateSchema "CIMDATA=&lt;CIMFeatureDatasetDataConnection xsi:type='typens:CIMFeatureDatasetDataConnection' xmlns:xsi='http://www.w3.org/2001/XMLSchema-instance' xmlns:xs='http://www.w3.org/2001/XMLSchema' xmlns:typens='http://www.esri.com/schemas/ArcGIS/3.2.0'&gt;&lt;FeatureDataset&gt;planeacion_y_condicionantes&lt;/FeatureDataset&gt;&lt;WorkspaceConnectionString&gt;DATABASE=T:\PDUCP\2023\07_cartografia\gdb\PDU2040_2023.gdb&lt;/WorkspaceConnectionString&gt;&lt;WorkspaceFactory&gt;FileGDB&lt;/WorkspaceFactory&gt;&lt;Dataset&gt;planeacion_especifica_2023&lt;/Dataset&gt;&lt;DatasetType&gt;esriDTFeatureClass&lt;/DatasetType&gt;&lt;/CIMFeatureDatasetDataConnection&gt;" "&lt;operationSequence&gt;&lt;workflow&gt;&lt;AlterField&gt;&lt;field_name&gt;obj_geo&lt;/field_name&gt;&lt;field_alias&gt;Objeto Geográfico&lt;/field_alias&gt;&lt;field_type&gt;TEXT&lt;/field_type&gt;&lt;field_is_nullable&gt;True&lt;/field_is_nullable&gt;&lt;clear_field_alias&gt;False&lt;/clear_field_alias&gt;&lt;/AlterField&gt;&lt;/workflow&gt;&lt;workflow&gt;&lt;AlterField&gt;&lt;field_name&gt;cod_obj_geo&lt;/field_name&gt;&lt;field_alias&gt;Código del Objeto Geográfico&lt;/field_alias&gt;&lt;field_type&gt;TEXT&lt;/field_type&gt;&lt;field_is_nullable&gt;True&lt;/field_is_nullable&gt;&lt;clear_field_alias&gt;False&lt;/clear_field_alias&gt;&lt;/AlterField&gt;&lt;/workflow&gt;&lt;workflow&gt;&lt;AlterField&gt;&lt;field_name&gt;cve_ent&lt;/field_name&gt;&lt;field_alias&gt;Clave del Estado&lt;/field_alias&gt;&lt;field_type&gt;TEXT&lt;/field_type&gt;&lt;field_is_nullable&gt;True&lt;/field_is_nullable&gt;&lt;clear_field_alias&gt;False&lt;/clear_field_alias&gt;&lt;/AlterField&gt;&lt;AssignDomainToField&gt;&lt;field_name&gt;cve_ent&lt;/field_name&gt;&lt;domain_name&gt;cve_ent&lt;/domain_name&gt;&lt;/AssignDomainToField&gt;&lt;/workflow&gt;&lt;workflow&gt;&lt;AlterField&gt;&lt;field_name&gt;cve_mun&lt;/field_name&gt;&lt;field_alias&gt;Clave del Municipio&lt;/field_alias&gt;&lt;field_type&gt;TEXT&lt;/field_type&gt;&lt;field_is_nullable&gt;True&lt;/field_is_nullable&gt;&lt;clear_field_alias&gt;False&lt;/clear_field_alias&gt;&lt;/AlterField&gt;&lt;/workflow&gt;&lt;workflow&gt;&lt;AlterField&gt;&lt;field_name&gt;cve_loc&lt;/field_name&gt;&lt;field_alias&gt;Clave de Localidad&lt;/field_alias&gt;&lt;field_type&gt;TEXT&lt;/field_type&gt;&lt;field_is_nullable&gt;True&lt;/field_is_nullable&gt;&lt;clear_field_alias&gt;False&lt;/clear_field_alias&gt;&lt;/AlterField&gt;&lt;/workflow&gt;&lt;workflow&gt;&lt;AlterField&gt;&lt;field_name&gt;cve_cd&lt;/field_name&gt;&lt;field_alias&gt;Clave de Zona Metropolitana&lt;/field_alias&gt;&lt;field_type&gt;TEXT&lt;/field_type&gt;&lt;field_length&gt;8&lt;/field_length&gt;&lt;field_is_nullable&gt;True&lt;/field_is_nullable&gt;&lt;clear_field_alias&gt;False&lt;/clear_field_alias&gt;&lt;/AlterField&gt;&lt;AssignDefaultToField&gt;&lt;field_name&gt;cve_cd&lt;/field_name&gt;&lt;default_value&gt; 08.1.01&lt;/default_value&gt;&lt;/AssignDefaultToField&gt;&lt;/workflow&gt;&lt;workflow&gt;&lt;AlterField&gt;&lt;field_name&gt;zonif_prm&lt;/field_name&gt;&lt;field_alias&gt;Zonificación Primaria&lt;/field_alias&gt;&lt;field_type&gt;TEXT&lt;/field_type&gt;&lt;field_is_nullable&gt;True&lt;/field_is_nullable&gt;&lt;clear_field_alias&gt;False&lt;/clear_field_alias&gt;&lt;/AlterField&gt;&lt;/workflow&gt;&lt;workflow&gt;&lt;AlterField&gt;&lt;field_name&gt;jrsdccn&lt;/field_name&gt;&lt;field_alias&gt;Jurisdicción&lt;/field_alias&gt;&lt;field_type&gt;TEXT&lt;/field_type&gt;&lt;field_is_nullable&gt;True&lt;/field_is_nullable&gt;&lt;clear_field_alias&gt;False&lt;/clear_field_alias&gt;&lt;/AlterField&gt;&lt;AssignDomainToField&gt;&lt;field_name&gt;jrsdccn&lt;/field_name&gt;&lt;domain_name&gt;jrsdccn&lt;/domain_name&gt;&lt;/AssignDomainToField&gt;&lt;/workflow&gt;&lt;workflow&gt;&lt;AlterField&gt;&lt;field_name&gt;cal_pos&lt;/field_name&gt;&lt;field_alias&gt;Calificador de Posición&lt;/field_alias&gt;&lt;field_type&gt;TEXT&lt;/field_type&gt;&lt;field_is_nullable&gt;True&lt;/field_is_nullable&gt;&lt;clear_field_alias&gt;False&lt;/clear_field_alias&gt;&lt;/AlterField&gt;&lt;AssignDefaultToField&gt;&lt;field_name&gt;cal_pos&lt;/field_name&gt;&lt;default_value&gt;02&lt;/default_value&gt;&lt;/AssignDefaultToField&gt;&lt;/workflow&gt;&lt;workflow&gt;&lt;AlterField&gt;&lt;field_name&gt;fecha_act&lt;/field_name&gt;&lt;field_alias&gt;Fecha de Actualización&lt;/field_alias&gt;&lt;field_is_nullable&gt;True&lt;/field_is_nullable&gt;&lt;clear_field_alias&gt;False&lt;/clear_field_alias&gt;&lt;/AlterField&gt;&lt;/workflow&gt;&lt;workflow&gt;&lt;AlterField&gt;&lt;field_name&gt;a_mod&lt;/field_name&gt;&lt;new_field_name&gt;a_act&lt;/new_field_name&gt;&lt;field_alias&gt;Año de Actualización&lt;/field_alias&gt;&lt;field_is_nullable&gt;True&lt;/field_is_nullable&gt;&lt;clear_field_alias&gt;False&lt;/clear_field_alias&gt;&lt;/AlterField&gt;&lt;/workflow&gt;&lt;workflow&gt;&lt;AlterField&gt;&lt;field_name&gt;institucion&lt;/field_name&gt;&lt;field_alias&gt;Institución&lt;/field_alias&gt;&lt;field_type&gt;TEXT&lt;/field_type&gt;&lt;field_is_nullable&gt;True&lt;/field_is_nullable&gt;&lt;clear_field_alias&gt;False&lt;/clear_field_alias&gt;&lt;/AlterField&gt;&lt;/workflow&gt;&lt;workflow&gt;&lt;AlterField&gt;&lt;field_name&gt;fte_inf&lt;/field_name&gt;&lt;field_alias&gt;Origen de la Información&lt;/field_alias&gt;&lt;field_type&gt;TEXT&lt;/field_type&gt;&lt;field_is_nullable&gt;True&lt;/field_is_nullable&gt;&lt;clear_field_alias&gt;False&lt;/clear_field_alias&gt;&lt;/AlterField&gt;&lt;/workflow&gt;&lt;workflow&gt;&lt;AlterField&gt;&lt;field_name&gt;Identificador&lt;/field_name&gt;&lt;field_alias&gt;Identificador&lt;/field_alias&gt;&lt;field_type&gt;TEXT&lt;/field_type&gt;&lt;field_is_nullable&gt;True&lt;/field_is_nullable&gt;&lt;clear_field_alias&gt;False&lt;/clear_field_alias&gt;&lt;/AlterField&gt;&lt;/workflow&gt;&lt;workflow&gt;&lt;AlterField&gt;&lt;field_name&gt;categria&lt;/field_name&gt;&lt;field_alias&gt;Categoría&lt;/field_alias&gt;&lt;field_type&gt;TEXT&lt;/field_type&gt;&lt;field_is_nullable&gt;True&lt;/field_is_nullable&gt;&lt;clear_field_alias&gt;False&lt;/clear_field_alias&gt;&lt;/AlterField&gt;&lt;/workflow&gt;&lt;workflow&gt;&lt;AlterField&gt;&lt;field_name&gt;descgen&lt;/field_name&gt;&lt;field_alias&gt;Descripción General&lt;/field_alias&gt;&lt;field_type&gt;TEXT&lt;/field_type&gt;&lt;field_is_nullable&gt;True&lt;/field_is_nullable&gt;&lt;clear_field_alias&gt;False&lt;/clear_field_alias&gt;&lt;/AlterField&gt;&lt;/workflow&gt;&lt;workflow&gt;&lt;AlterField&gt;&lt;field_name&gt;nombre&lt;/field_name&gt;&lt;field_alias&gt;Nombre&lt;/field_alias&gt;&lt;field_type&gt;TEXT&lt;/field_type&gt;&lt;field_is_nullable&gt;True&lt;/field_is_nullable&gt;&lt;clear_field_alias&gt;False&lt;/clear_field_alias&gt;&lt;/AlterField&gt;&lt;/workflow&gt;&lt;workflow&gt;&lt;AlterField&gt;&lt;field_name&gt;descrip&lt;/field_name&gt;&lt;field_alias&gt;Descripción Específica&lt;/field_alias&gt;&lt;field_type&gt;TEXT&lt;/field_type&gt;&lt;field_is_nullable&gt;True&lt;/field_is_nullable&gt;&lt;clear_field_alias&gt;False&lt;/clear_field_alias&gt;&lt;/AlterField&gt;&lt;/workflow&gt;&lt;workflow&gt;&lt;AlterField&gt;&lt;field_name&gt;rfrencia&lt;/field_name&gt;&lt;field_alias&gt;Referencia en Documento&lt;/field_alias&gt;&lt;field_type&gt;TEXT&lt;/field_type&gt;&lt;field_length&gt;150&lt;/field_length&gt;&lt;field_is_nullable&gt;True&lt;/field_is_nullable&gt;&lt;clear_field_alias&gt;False&lt;/clear_field_alias&gt;&lt;/AlterField&gt;&lt;/workflow&gt;&lt;workflow&gt;&lt;AlterField&gt;&lt;field_name&gt;sup_has&lt;/field_name&gt;&lt;field_alias&gt;Superficie (ha)&lt;/field_alias&gt;&lt;field_is_nullable&gt;True&lt;/field_is_nullable&gt;&lt;clear_field_alias&gt;False&lt;/clear_field_alias&gt;&lt;/AlterField&gt;&lt;/workflow&gt;&lt;workflow&gt;&lt;AlterField&gt;&lt;field_name&gt;tp_pnan&lt;/field_name&gt;&lt;field_alias&gt;Tipo de Planración Específica&lt;/field_alias&gt;&lt;field_is_nullable&gt;True&lt;/field_is_nullable&gt;&lt;clear_field_alias&gt;False&lt;/clear_field_alias&gt;&lt;/AlterField&gt;&lt;/workflow&gt;&lt;/operationSequence&gt;"</Process><Process ToolSource="c:\program files\arcgis\pro\Resources\ArcToolbox\toolboxes\Data Management Tools.tbx\CalculateField" Date="20240222" Time="100316">CalculateField planeacion_especifica_2023 cve_cd "08.1.01" Python # Text NO_ENFORCE_DOMAINS</Process><Process ToolSource="c:\program files\arcgis\pro\Resources\ArcToolbox\toolboxes\Data Management Tools.tbx\UpdateSchema" Date="20240222" Time="100437">UpdateSchema "CIMDATA=&lt;CIMFeatureDatasetDataConnection xsi:type='typens:CIMFeatureDatasetDataConnection' xmlns:xsi='http://www.w3.org/2001/XMLSchema-instance' xmlns:xs='http://www.w3.org/2001/XMLSchema' xmlns:typens='http://www.esri.com/schemas/ArcGIS/3.2.0'&gt;&lt;FeatureDataset&gt;planeacion_y_condicionantes&lt;/FeatureDataset&gt;&lt;WorkspaceConnectionString&gt;DATABASE=T:\PDUCP\2023\07_cartografia\gdb\PDU2040_2023.gdb&lt;/WorkspaceConnectionString&gt;&lt;WorkspaceFactory&gt;FileGDB&lt;/WorkspaceFactory&gt;&lt;Dataset&gt;planeacion_especifica_2023&lt;/Dataset&gt;&lt;DatasetType&gt;esriDTFeatureClass&lt;/DatasetType&gt;&lt;/CIMFeatureDatasetDataConnection&gt;" "&lt;operationSequence&gt;&lt;workflow&gt;&lt;DeleteField&gt;&lt;field_name&gt;zonif_prm&lt;/field_name&gt;&lt;/DeleteField&gt;&lt;/workflow&gt;&lt;workflow&gt;&lt;AlterField&gt;&lt;field_name&gt;rfrencia&lt;/field_name&gt;&lt;field_alias&gt;Referencia en Documento&lt;/field_alias&gt;&lt;field_type&gt;TEXT&lt;/field_type&gt;&lt;field_length&gt;150&lt;/field_length&gt;&lt;field_is_nullable&gt;True&lt;/field_is_nullable&gt;&lt;clear_field_alias&gt;False&lt;/clear_field_alias&gt;&lt;/AlterField&gt;&lt;/workflow&gt;&lt;/operationSequence&gt;"</Process><Process ToolSource="c:\program files\arcgis\pro\Resources\ArcToolbox\toolboxes\Data Management Tools.tbx\UpdateSchema" Date="20240222" Time="100541">UpdateSchema "CIMDATA=&lt;CIMFeatureDatasetDataConnection xsi:type='typens:CIMFeatureDatasetDataConnection' xmlns:xsi='http://www.w3.org/2001/XMLSchema-instance' xmlns:xs='http://www.w3.org/2001/XMLSchema' xmlns:typens='http://www.esri.com/schemas/ArcGIS/3.2.0'&gt;&lt;FeatureDataset&gt;planeacion_y_condicionantes&lt;/FeatureDataset&gt;&lt;WorkspaceConnectionString&gt;DATABASE=T:\PDUCP\2023\07_cartografia\gdb\PDU2040_2023.gdb&lt;/WorkspaceConnectionString&gt;&lt;WorkspaceFactory&gt;FileGDB&lt;/WorkspaceFactory&gt;&lt;Dataset&gt;planeacion_especifica_2023&lt;/Dataset&gt;&lt;DatasetType&gt;esriDTFeatureClass&lt;/DatasetType&gt;&lt;/CIMFeatureDatasetDataConnection&gt;" "&lt;operationSequence&gt;&lt;workflow&gt;&lt;AlterField&gt;&lt;field_name&gt;cve_cd&lt;/field_name&gt;&lt;new_field_name&gt;cve_zm&lt;/new_field_name&gt;&lt;field_type&gt;TEXT&lt;/field_type&gt;&lt;field_is_nullable&gt;True&lt;/field_is_nullable&gt;&lt;clear_field_alias&gt;False&lt;/clear_field_alias&gt;&lt;/AlterField&gt;&lt;/workflow&gt;&lt;workflow&gt;&lt;AlterField&gt;&lt;field_name&gt;rfrencia&lt;/field_name&gt;&lt;field_alias&gt;Referencia en Documento&lt;/field_alias&gt;&lt;field_type&gt;TEXT&lt;/field_type&gt;&lt;field_length&gt;150&lt;/field_length&gt;&lt;field_is_nullable&gt;True&lt;/field_is_nullable&gt;&lt;clear_field_alias&gt;False&lt;/clear_field_alias&gt;&lt;/AlterField&gt;&lt;/workflow&gt;&lt;/operationSequence&gt;"</Process><Process ToolSource="c:\program files\arcgis\pro\Resources\ArcToolbox\toolboxes\Data Management Tools.tbx\UpdateSchema" Date="20240222" Time="101002">UpdateSchema "CIMDATA=&lt;CIMFeatureDatasetDataConnection xsi:type='typens:CIMFeatureDatasetDataConnection' xmlns:xsi='http://www.w3.org/2001/XMLSchema-instance' xmlns:xs='http://www.w3.org/2001/XMLSchema' xmlns:typens='http://www.esri.com/schemas/ArcGIS/3.2.0'&gt;&lt;FeatureDataset&gt;planeacion_y_condicionantes&lt;/FeatureDataset&gt;&lt;WorkspaceConnectionString&gt;DATABASE=T:\PDUCP\2023\07_cartografia\gdb\PDU2040_2023.gdb&lt;/WorkspaceConnectionString&gt;&lt;WorkspaceFactory&gt;FileGDB&lt;/WorkspaceFactory&gt;&lt;Dataset&gt;planeacion_especifica_2023&lt;/Dataset&gt;&lt;DatasetType&gt;esriDTFeatureClass&lt;/DatasetType&gt;&lt;/CIMFeatureDatasetDataConnection&gt;" "&lt;operationSequence&gt;&lt;workflow&gt;&lt;AlterField&gt;&lt;field_name&gt;rfrencia&lt;/field_name&gt;&lt;field_alias&gt;Referencia en Documento&lt;/field_alias&gt;&lt;field_type&gt;TEXT&lt;/field_type&gt;&lt;field_length&gt;150&lt;/field_length&gt;&lt;field_is_nullable&gt;True&lt;/field_is_nullable&gt;&lt;clear_field_alias&gt;False&lt;/clear_field_alias&gt;&lt;/AlterField&gt;&lt;/workflow&gt;&lt;/operationSequence&gt;"</Process><Process ToolSource="c:\program files\arcgis\pro\Resources\ArcToolbox\toolboxes\Data Management Tools.tbx\CalculateField" Date="20240222" Time="101043">CalculateField planeacion_especifica_2023 rfrencia "" Python # Text NO_ENFORCE_DOMAINS</Process><Process ToolSource="c:\program files\arcgis\pro\Resources\ArcToolbox\toolboxes\Data Management Tools.tbx\UpdateSchema" Date="20240222" Time="101108">UpdateSchema "CIMDATA=&lt;CIMFeatureDatasetDataConnection xsi:type='typens:CIMFeatureDatasetDataConnection' xmlns:xsi='http://www.w3.org/2001/XMLSchema-instance' xmlns:xs='http://www.w3.org/2001/XMLSchema' xmlns:typens='http://www.esri.com/schemas/ArcGIS/3.2.0'&gt;&lt;FeatureDataset&gt;planeacion_y_condicionantes&lt;/FeatureDataset&gt;&lt;WorkspaceConnectionString&gt;DATABASE=T:\PDUCP\2023\07_cartografia\gdb\PDU2040_2023.gdb&lt;/WorkspaceConnectionString&gt;&lt;WorkspaceFactory&gt;FileGDB&lt;/WorkspaceFactory&gt;&lt;Dataset&gt;planeacion_especifica_2023&lt;/Dataset&gt;&lt;DatasetType&gt;esriDTFeatureClass&lt;/DatasetType&gt;&lt;/CIMFeatureDatasetDataConnection&gt;" "&lt;operationSequence&gt;&lt;workflow&gt;&lt;AlterField&gt;&lt;field_name&gt;rfrencia&lt;/field_name&gt;&lt;field_alias&gt;Referencia en Documento&lt;/field_alias&gt;&lt;field_type&gt;TEXT&lt;/field_type&gt;&lt;field_length&gt;150&lt;/field_length&gt;&lt;field_is_nullable&gt;True&lt;/field_is_nullable&gt;&lt;clear_field_alias&gt;False&lt;/clear_field_alias&gt;&lt;/AlterField&gt;&lt;/workflow&gt;&lt;/operationSequence&gt;"</Process><Process ToolSource="c:\program files\arcgis\pro\Resources\ArcToolbox\toolboxes\Data Management Tools.tbx\CalculateField" Date="20240222" Time="101306">CalculateField planeacion_especifica_2023 rfrencia "" Python # Text NO_ENFORCE_DOMAINS</Process><Process ToolSource="c:\program files\arcgis\pro\Resources\ArcToolbox\toolboxes\Data Management Tools.tbx\CalculateField" Date="20240222" Time="101319">CalculateField planeacion_especifica_2023 rfrencia "" Python # Text NO_ENFORCE_DOMAINS</Process><Process ToolSource="c:\program files\arcgis\pro\Resources\ArcToolbox\toolboxes\Data Management Tools.tbx\UpdateSchema" Date="20240222" Time="101354">UpdateSchema "CIMDATA=&lt;CIMFeatureDatasetDataConnection xsi:type='typens:CIMFeatureDatasetDataConnection' xmlns:xsi='http://www.w3.org/2001/XMLSchema-instance' xmlns:xs='http://www.w3.org/2001/XMLSchema' xmlns:typens='http://www.esri.com/schemas/ArcGIS/3.2.0'&gt;&lt;FeatureDataset&gt;planeacion_y_condicionantes&lt;/FeatureDataset&gt;&lt;WorkspaceConnectionString&gt;DATABASE=T:\PDUCP\2023\07_cartografia\gdb\PDU2040_2023.gdb&lt;/WorkspaceConnectionString&gt;&lt;WorkspaceFactory&gt;FileGDB&lt;/WorkspaceFactory&gt;&lt;Dataset&gt;planeacion_especifica_2023&lt;/Dataset&gt;&lt;DatasetType&gt;esriDTFeatureClass&lt;/DatasetType&gt;&lt;/CIMFeatureDatasetDataConnection&gt;" "&lt;operationSequence&gt;&lt;workflow&gt;&lt;AlterField&gt;&lt;field_name&gt;rfrencia&lt;/field_name&gt;&lt;field_alias&gt;Referencia en Documento&lt;/field_alias&gt;&lt;field_type&gt;TEXT&lt;/field_type&gt;&lt;field_length&gt;150&lt;/field_length&gt;&lt;field_is_nullable&gt;True&lt;/field_is_nullable&gt;&lt;clear_field_alias&gt;False&lt;/clear_field_alias&gt;&lt;/AlterField&gt;&lt;/workflow&gt;&lt;workflow&gt;&lt;AlterField&gt;&lt;field_name&gt;tp_pnan&lt;/field_name&gt;&lt;field_alias&gt;Tipo de Planeación Específica&lt;/field_alias&gt;&lt;field_is_nullable&gt;True&lt;/field_is_nullable&gt;&lt;clear_field_alias&gt;False&lt;/clear_field_alias&gt;&lt;/AlterField&gt;&lt;/workflow&gt;&lt;/operationSequence&gt;"</Process><Process ToolSource="c:\program files\arcgis\pro\Resources\ArcToolbox\toolboxes\Data Management Tools.tbx\UpdateSchema" Date="20240222" Time="101406">UpdateSchema "CIMDATA=&lt;CIMFeatureDatasetDataConnection xsi:type='typens:CIMFeatureDatasetDataConnection' xmlns:xsi='http://www.w3.org/2001/XMLSchema-instance' xmlns:xs='http://www.w3.org/2001/XMLSchema' xmlns:typens='http://www.esri.com/schemas/ArcGIS/3.2.0'&gt;&lt;FeatureDataset&gt;planeacion_y_condicionantes&lt;/FeatureDataset&gt;&lt;WorkspaceConnectionString&gt;DATABASE=T:\PDUCP\2023\07_cartografia\gdb\PDU2040_2023.gdb&lt;/WorkspaceConnectionString&gt;&lt;WorkspaceFactory&gt;FileGDB&lt;/WorkspaceFactory&gt;&lt;Dataset&gt;planeacion_especifica_2023&lt;/Dataset&gt;&lt;DatasetType&gt;esriDTFeatureClass&lt;/DatasetType&gt;&lt;/CIMFeatureDatasetDataConnection&gt;" "&lt;operationSequence&gt;&lt;workflow&gt;&lt;AlterField&gt;&lt;field_name&gt;rfrencia&lt;/field_name&gt;&lt;field_alias&gt;Referencia en Documento&lt;/field_alias&gt;&lt;field_type&gt;TEXT&lt;/field_type&gt;&lt;field_length&gt;200&lt;/field_length&gt;&lt;field_is_nullable&gt;True&lt;/field_is_nullable&gt;&lt;clear_field_alias&gt;False&lt;/clear_field_alias&gt;&lt;/AlterField&gt;&lt;/workflow&gt;&lt;/operationSequence&gt;"</Process><Process ToolSource="c:\program files\arcgis\pro\Resources\ArcToolbox\toolboxes\Data Management Tools.tbx\UpdateSchema" Date="20240222" Time="101417">UpdateSchema "CIMDATA=&lt;CIMFeatureDatasetDataConnection xsi:type='typens:CIMFeatureDatasetDataConnection' xmlns:xsi='http://www.w3.org/2001/XMLSchema-instance' xmlns:xs='http://www.w3.org/2001/XMLSchema' xmlns:typens='http://www.esri.com/schemas/ArcGIS/3.2.0'&gt;&lt;FeatureDataset&gt;planeacion_y_condicionantes&lt;/FeatureDataset&gt;&lt;WorkspaceConnectionString&gt;DATABASE=T:\PDUCP\2023\07_cartografia\gdb\PDU2040_2023.gdb&lt;/WorkspaceConnectionString&gt;&lt;WorkspaceFactory&gt;FileGDB&lt;/WorkspaceFactory&gt;&lt;Dataset&gt;planeacion_especifica_2023&lt;/Dataset&gt;&lt;DatasetType&gt;esriDTFeatureClass&lt;/DatasetType&gt;&lt;/CIMFeatureDatasetDataConnection&gt;" "&lt;operationSequence&gt;&lt;workflow&gt;&lt;AlterField&gt;&lt;field_name&gt;rfrencia&lt;/field_name&gt;&lt;field_alias&gt;Referencia en Documento&lt;/field_alias&gt;&lt;field_type&gt;TEXT&lt;/field_type&gt;&lt;field_length&gt;1000&lt;/field_length&gt;&lt;field_is_nullable&gt;True&lt;/field_is_nullable&gt;&lt;clear_field_alias&gt;False&lt;/clear_field_alias&gt;&lt;/AlterField&gt;&lt;/workflow&gt;&lt;/operationSequence&gt;"</Process><Process ToolSource="c:\program files\arcgis\pro\Resources\ArcToolbox\toolboxes\Data Management Tools.tbx\CalculateField" Date="20240222" Time="101518">CalculateField planeacion_especifica_2023 rfrencia "6.1.2. Conservación Medioambiental Activa" Python # Text NO_ENFORCE_DOMAINS</Process><Process ToolSource="c:\program files\arcgis\pro\Resources\ArcToolbox\toolboxes\Data Management Tools.tbx\CalculateField" Date="20240222" Time="104518">CalculateField planeacion_especifica_2023 rfrencia "5.1.4 Estructura Urbana" Python # Text NO_ENFORCE_DOMAINS</Process><Process ToolSource="c:\program files\arcgis\pro\Resources\ArcToolbox\toolboxes\Data Management Tools.tbx\CalculateField" Date="20240222" Time="104916">CalculateField planeacion_especifica_2023 rfrencia "5.1.4 Estructura Urbana" Python # Text NO_ENFORCE_DOMAINS</Process><Process ToolSource="c:\program files\arcgis\pro\Resources\ArcToolbox\toolboxes\Data Management Tools.tbx\CalculateField" Date="20240222" Time="104949">CalculateField planeacion_especifica_2023 descgen "Corredor Urbano de Movilidad" Python # Text NO_ENFORCE_DOMAINS</Process><Process ToolSource="c:\program files\arcgis\pro\Resources\ArcToolbox\toolboxes\Data Management Tools.tbx\CalculateField" Date="20240222" Time="105141">CalculateField planeacion_especifica_2023 cod_obj_geo "016.003.006" Python # Text NO_ENFORCE_DOMAINS</Process><Process ToolSource="c:\program files\arcgis\pro\Resources\ArcToolbox\toolboxes\Data Management Tools.tbx\CalculateField" Date="20240222" Time="105209">CalculateField planeacion_especifica_2023 cod_obj_geo "016.003.006" Python # Text NO_ENFORCE_DOMAINS</Process><Process ToolSource="c:\program files\arcgis\pro\Resources\ArcToolbox\toolboxes\Data Management Tools.tbx\UpdateSchema" Date="20240222" Time="105412">UpdateSchema "CIMDATA=&lt;CIMFeatureDatasetDataConnection xsi:type='typens:CIMFeatureDatasetDataConnection' xmlns:xsi='http://www.w3.org/2001/XMLSchema-instance' xmlns:xs='http://www.w3.org/2001/XMLSchema' xmlns:typens='http://www.esri.com/schemas/ArcGIS/3.2.0'&gt;&lt;FeatureDataset&gt;planeacion_y_condicionantes&lt;/FeatureDataset&gt;&lt;WorkspaceConnectionString&gt;DATABASE=T:\PDUCP\2023\07_cartografia\gdb\PDU2040_2023.gdb&lt;/WorkspaceConnectionString&gt;&lt;WorkspaceFactory&gt;FileGDB&lt;/WorkspaceFactory&gt;&lt;Dataset&gt;planeacion_especifica_2023&lt;/Dataset&gt;&lt;DatasetType&gt;esriDTFeatureClass&lt;/DatasetType&gt;&lt;/CIMFeatureDatasetDataConnection&gt;" &lt;operationSequence&gt;&lt;workflow&gt;&lt;AlterField&gt;&lt;field_name&gt;cod_obj_geo&lt;/field_name&gt;&lt;field_type&gt;TEXT&lt;/field_type&gt;&lt;field_length&gt;11&lt;/field_length&gt;&lt;field_is_nullable&gt;True&lt;/field_is_nullable&gt;&lt;clear_field_alias&gt;False&lt;/clear_field_alias&gt;&lt;/AlterField&gt;&lt;/workflow&gt;&lt;/operationSequence&gt;</Process><Process ToolSource="c:\program files\arcgis\pro\Resources\ArcToolbox\toolboxes\Data Management Tools.tbx\CalculateField" Date="20240222" Time="105424">CalculateField planeacion_especifica_2023 cod_obj_geo "016.003.006" Python # Text NO_ENFORCE_DOMAINS</Process><Process ToolSource="c:\program files\arcgis\pro\Resources\ArcToolbox\toolboxes\Data Management Tools.tbx\UpdateSchema" Date="20240222" Time="110631">UpdateSchema "CIMDATA=&lt;CIMFeatureDatasetDataConnection xsi:type='typens:CIMFeatureDatasetDataConnection' xmlns:xsi='http://www.w3.org/2001/XMLSchema-instance' xmlns:xs='http://www.w3.org/2001/XMLSchema' xmlns:typens='http://www.esri.com/schemas/ArcGIS/3.2.0'&gt;&lt;FeatureDataset&gt;planeacion_y_condicionantes&lt;/FeatureDataset&gt;&lt;WorkspaceConnectionString&gt;DATABASE=T:\PDUCP\2023\07_cartografia\gdb\PDU2040_2023.gdb&lt;/WorkspaceConnectionString&gt;&lt;WorkspaceFactory&gt;FileGDB&lt;/WorkspaceFactory&gt;&lt;Dataset&gt;planeacion_especifica_2023&lt;/Dataset&gt;&lt;DatasetType&gt;esriDTFeatureClass&lt;/DatasetType&gt;&lt;/CIMFeatureDatasetDataConnection&gt;" &lt;operationSequence&gt;&lt;workflow&gt;&lt;AddField&gt;&lt;field_name&gt;url1&lt;/field_name&gt;&lt;field_type&gt;TEXT&lt;/field_type&gt;&lt;field_length&gt;200&lt;/field_length&gt;&lt;field_is_nullable&gt;True&lt;/field_is_nullable&gt;&lt;field_is_required&gt;False&lt;/field_is_required&gt;&lt;/AddField&gt;&lt;/workflow&gt;&lt;workflow&gt;&lt;AddField&gt;&lt;field_name&gt;url2&lt;/field_name&gt;&lt;field_type&gt;TEXT&lt;/field_type&gt;&lt;field_length&gt;200&lt;/field_length&gt;&lt;field_is_nullable&gt;True&lt;/field_is_nullable&gt;&lt;field_is_required&gt;False&lt;/field_is_required&gt;&lt;/AddField&gt;&lt;/workflow&gt;&lt;workflow&gt;&lt;AddField&gt;&lt;field_name&gt;url3&lt;/field_name&gt;&lt;field_type&gt;TEXT&lt;/field_type&gt;&lt;field_length&gt;200&lt;/field_length&gt;&lt;field_is_nullable&gt;True&lt;/field_is_nullable&gt;&lt;field_is_required&gt;False&lt;/field_is_required&gt;&lt;/AddField&gt;&lt;/workflow&gt;&lt;workflow&gt;&lt;AddField&gt;&lt;field_name&gt;url4&lt;/field_name&gt;&lt;field_type&gt;TEXT&lt;/field_type&gt;&lt;field_length&gt;200&lt;/field_length&gt;&lt;field_is_nullable&gt;True&lt;/field_is_nullable&gt;&lt;field_is_required&gt;False&lt;/field_is_required&gt;&lt;/AddField&gt;&lt;/workflow&gt;&lt;workflow&gt;&lt;AddField&gt;&lt;field_name&gt;url5&lt;/field_name&gt;&lt;field_type&gt;TEXT&lt;/field_type&gt;&lt;field_length&gt;200&lt;/field_length&gt;&lt;field_is_nullable&gt;True&lt;/field_is_nullable&gt;&lt;field_is_required&gt;False&lt;/field_is_required&gt;&lt;/AddField&gt;&lt;/workflow&gt;&lt;/operationSequence&gt;</Process><Process ToolSource="c:\program files\arcgis\pro\Resources\ArcToolbox\toolboxes\Data Management Tools.tbx\CalculateField" Date="20240222" Time="114821">CalculateField planeacion_especifica_2023 categria !descgen! Python # Text NO_ENFORCE_DOMAINS</Process><Process ToolSource="c:\program files\arcgis\pro\Resources\ArcToolbox\toolboxes\Data Management Tools.tbx\UpdateSchema" Date="20240222" Time="115732">UpdateSchema "CIMDATA=&lt;CIMFeatureDatasetDataConnection xsi:type='typens:CIMFeatureDatasetDataConnection' xmlns:xsi='http://www.w3.org/2001/XMLSchema-instance' xmlns:xs='http://www.w3.org/2001/XMLSchema' xmlns:typens='http://www.esri.com/schemas/ArcGIS/3.2.0'&gt;&lt;FeatureDataset&gt;planeacion_y_condicionantes&lt;/FeatureDataset&gt;&lt;WorkspaceConnectionString&gt;DATABASE=T:\PDUCP\2023\07_cartografia\gdb\PDU2040_2023.gdb&lt;/WorkspaceConnectionString&gt;&lt;WorkspaceFactory&gt;FileGDB&lt;/WorkspaceFactory&gt;&lt;Dataset&gt;planeacion_especifica_2023&lt;/Dataset&gt;&lt;DatasetType&gt;esriDTFeatureClass&lt;/DatasetType&gt;&lt;/CIMFeatureDatasetDataConnection&gt;" &lt;operationSequence&gt;&lt;workflow&gt;&lt;DeleteField&gt;&lt;field_name&gt;descgen&lt;/field_name&gt;&lt;field_name&gt;catplan&lt;/field_name&gt;&lt;/DeleteField&gt;&lt;/workflow&gt;&lt;/operationSequence&gt;</Process><Process ToolSource="c:\program files\arcgis\pro\Resources\ArcToolbox\toolboxes\Data Management Tools.tbx\UpdateSchema" Date="20240222" Time="121713">UpdateSchema "CIMDATA=&lt;CIMFeatureDatasetDataConnection xsi:type='typens:CIMFeatureDatasetDataConnection' xmlns:xsi='http://www.w3.org/2001/XMLSchema-instance' xmlns:xs='http://www.w3.org/2001/XMLSchema' xmlns:typens='http://www.esri.com/schemas/ArcGIS/3.2.0'&gt;&lt;FeatureDataset&gt;planeacion_y_condicionantes&lt;/FeatureDataset&gt;&lt;WorkspaceConnectionString&gt;DATABASE=T:\PDUCP\2023\07_cartografia\gdb\PDU2040_2023.gdb&lt;/WorkspaceConnectionString&gt;&lt;WorkspaceFactory&gt;FileGDB&lt;/WorkspaceFactory&gt;&lt;Dataset&gt;planeacion_especifica_2023&lt;/Dataset&gt;&lt;DatasetType&gt;esriDTFeatureClass&lt;/DatasetType&gt;&lt;/CIMFeatureDatasetDataConnection&gt;" "&lt;operationSequence&gt;&lt;workflow&gt;&lt;AlterField&gt;&lt;field_name&gt;url1&lt;/field_name&gt;&lt;field_alias&gt;Acceder al Documento de su Definición&lt;/field_alias&gt;&lt;field_type&gt;TEXT&lt;/field_type&gt;&lt;field_is_nullable&gt;True&lt;/field_is_nullable&gt;&lt;clear_field_alias&gt;False&lt;/clear_field_alias&gt;&lt;/AlterField&gt;&lt;/workflow&gt;&lt;workflow&gt;&lt;AlterField&gt;&lt;field_name&gt;url2&lt;/field_name&gt;&lt;field_alias&gt;Acceder a la Normatividad Complementaria&lt;/field_alias&gt;&lt;field_type&gt;TEXT&lt;/field_type&gt;&lt;field_is_nullable&gt;True&lt;/field_is_nullable&gt;&lt;clear_field_alias&gt;False&lt;/clear_field_alias&gt;&lt;/AlterField&gt;&lt;/workflow&gt;&lt;workflow&gt;&lt;AlterField&gt;&lt;field_name&gt;url3&lt;/field_name&gt;&lt;field_alias&gt;Acceder al Diccionario de Datos del Objeto Geográfico&lt;/field_alias&gt;&lt;field_type&gt;TEXT&lt;/field_type&gt;&lt;field_is_nullable&gt;True&lt;/field_is_nullable&gt;&lt;clear_field_alias&gt;False&lt;/clear_field_alias&gt;&lt;/AlterField&gt;&lt;/workflow&gt;&lt;workflow&gt;&lt;AlterField&gt;&lt;field_name&gt;url4&lt;/field_name&gt;&lt;field_type&gt;TEXT&lt;/field_type&gt;&lt;field_is_nullable&gt;True&lt;/field_is_nullable&gt;&lt;clear_field_alias&gt;True&lt;/clear_field_alias&gt;&lt;/AlterField&gt;&lt;/workflow&gt;&lt;workflow&gt;&lt;AlterField&gt;&lt;field_name&gt;url5&lt;/field_name&gt;&lt;field_type&gt;TEXT&lt;/field_type&gt;&lt;field_is_nullable&gt;True&lt;/field_is_nullable&gt;&lt;clear_field_alias&gt;True&lt;/clear_field_alias&gt;&lt;/AlterField&gt;&lt;/workflow&gt;&lt;/operationSequence&gt;"</Process><Process ToolSource="c:\program files (x86)\arcgis\desktop10.8\ArcToolbox\Toolboxes\Data Management Tools.tbx\CalculateField" Date="20240226" Time="103131">CalculateField planeacion_especifica_2023 url1 "https://sigmun-pdu.s3.us-west-1.amazonaws.com/PDU2040/5.1.EstrategiasPrincipales/5.1.4.Estructura+Urbana.pdf" VB #</Process><Process ToolSource="c:\program files (x86)\arcgis\desktop10.8\ArcToolbox\Toolboxes\Data Management Tools.tbx\CalculateField" Date="20240226" Time="104216">CalculateField planeacion_especifica_2023 url1 "https://sigmun-pdu.s3.us-west-1.amazonaws.com/PDU2040/5.1.EstrategiasPrincipales/5.1.1.ZonificacionPrimaria.pdf" VB #</Process><Process ToolSource="c:\program files (x86)\arcgis\desktop10.8\ArcToolbox\Toolboxes\Data Management Tools.tbx\CalculateField" Date="20240226" Time="104314">CalculateField planeacion_especifica_2023 url2 "https://sigmun-pdu.s3.us-west-1.amazonaws.com/PDU2040/6.1.EstrategiasComplementarias/6.1.2.Conservacionmedioambientalactiva.pdf" VB #</Process><Process ToolSource="c:\program files (x86)\arcgis\desktop10.8\ArcToolbox\Toolboxes\Data Management Tools.tbx\CalculateField" Date="20240226" Time="105114">CalculateField planeacion_especifica_2023 url2 "No aplica" VB #</Process><Process ToolSource="c:\program files\arcgis\pro\Resources\ArcToolbox\toolboxes\Data Management Tools.tbx\UpdateSchema" Date="20240229" Time="130027">UpdateSchema "CIMDATA=&lt;CIMFeatureDatasetDataConnection xsi:type='typens:CIMFeatureDatasetDataConnection' xmlns:xsi='http://www.w3.org/2001/XMLSchema-instance' xmlns:xs='http://www.w3.org/2001/XMLSchema' xmlns:typens='http://www.esri.com/schemas/ArcGIS/3.2.0'&gt;&lt;FeatureDataset&gt;planeacion_y_condicionantes&lt;/FeatureDataset&gt;&lt;WorkspaceConnectionString&gt;DATABASE=T:\PDUCP\2023\07_cartografia\gdb\PDU2040_2023_CAMM.gdb&lt;/WorkspaceConnectionString&gt;&lt;WorkspaceFactory&gt;FileGDB&lt;/WorkspaceFactory&gt;&lt;Dataset&gt;planeacion_especifica_2023&lt;/Dataset&gt;&lt;DatasetType&gt;esriDTFeatureClass&lt;/DatasetType&gt;&lt;/CIMFeatureDatasetDataConnection&gt;" "&lt;operationSequence&gt;&lt;workflow&gt;&lt;AlterField&gt;&lt;field_name&gt;institucion&lt;/field_name&gt;&lt;field_alias&gt;Responsable o Integrador de la Información&lt;/field_alias&gt;&lt;field_type&gt;TEXT&lt;/field_type&gt;&lt;field_is_nullable&gt;True&lt;/field_is_nullable&gt;&lt;clear_field_alias&gt;False&lt;/clear_field_alias&gt;&lt;/AlterField&gt;&lt;/workflow&gt;&lt;/operationSequence&gt;"</Process><Process ToolSource="c:\program files\arcgis\pro\Resources\ArcToolbox\toolboxes\Data Management Tools.tbx\CalculateField" Date="20240229" Time="130139">CalculateField planeacion_especifica_2023 cve_zm "08.01" Python # Text NO_ENFORCE_DOMAINS</Process><Process ToolSource="c:\program files\arcgis\pro\Resources\ArcToolbox\Toolboxes\Data Management Tools.tbx\UpdateSchema" Date="20240229" Time="130805">UpdateSchema "CIMDATA=&lt;CIMFeatureDatasetDataConnection xsi:type='typens:CIMFeatureDatasetDataConnection' xmlns:xsi='http://www.w3.org/2001/XMLSchema-instance' xmlns:xs='http://www.w3.org/2001/XMLSchema' xmlns:typens='http://www.esri.com/schemas/ArcGIS/3.2.0'&gt;&lt;FeatureDataset&gt;planeacion_y_condicionantes&lt;/FeatureDataset&gt;&lt;WorkspaceConnectionString&gt;DATABASE=T:\PDUCP\2023\07_cartografia\gdb\PDU2040_2023_CAMM.gdb&lt;/WorkspaceConnectionString&gt;&lt;WorkspaceFactory&gt;FileGDB&lt;/WorkspaceFactory&gt;&lt;Dataset&gt;planeacion_especifica_2023&lt;/Dataset&gt;&lt;DatasetType&gt;esriDTFeatureClass&lt;/DatasetType&gt;&lt;/CIMFeatureDatasetDataConnection&gt;" &lt;operationSequence&gt;&lt;workflow&gt;&lt;DeleteField&gt;&lt;field_name&gt;url4&lt;/field_name&gt;&lt;field_name&gt;url5&lt;/field_name&gt;&lt;/DeleteField&gt;&lt;/workflow&gt;&lt;/operationSequence&gt;</Process><Process ToolSource="c:\program files\arcgis\pro\Resources\ArcToolbox\Toolboxes\Data Management Tools.tbx\UpdateSchema" Date="20240229" Time="130832">UpdateSchema "CIMDATA=&lt;CIMFeatureDatasetDataConnection xsi:type='typens:CIMFeatureDatasetDataConnection' xmlns:xsi='http://www.w3.org/2001/XMLSchema-instance' xmlns:xs='http://www.w3.org/2001/XMLSchema' xmlns:typens='http://www.esri.com/schemas/ArcGIS/3.2.0'&gt;&lt;FeatureDataset&gt;planeacion_y_condicionantes&lt;/FeatureDataset&gt;&lt;WorkspaceConnectionString&gt;DATABASE=T:\PDUCP\2023\07_cartografia\gdb\PDU2040_2023_CAMM.gdb&lt;/WorkspaceConnectionString&gt;&lt;WorkspaceFactory&gt;FileGDB&lt;/WorkspaceFactory&gt;&lt;Dataset&gt;planeacion_especifica_2023&lt;/Dataset&gt;&lt;DatasetType&gt;esriDTFeatureClass&lt;/DatasetType&gt;&lt;/CIMFeatureDatasetDataConnection&gt;" &lt;operationSequence&gt;&lt;workflow&gt;&lt;AssignDefaultToField&gt;&lt;field_name&gt;cve_zm&lt;/field_name&gt;&lt;default_value&gt;08.01&lt;/default_value&gt;&lt;/AssignDefaultToField&gt;&lt;/workflow&gt;&lt;/operationSequence&gt;</Process><Process ToolSource="c:\program files\arcgis\pro\Resources\ArcToolbox\toolboxes\Data Management Tools.tbx\CalculateField" Date="20240304" Time="140328">CalculateField planeacion_especifica_2023 obj_geo "Planeación Específica" Python # Text NO_ENFORCE_DOMAINS</Process><Process ToolSource="c:\program files\arcgis\pro\Resources\ArcToolbox\toolboxes\Data Management Tools.tbx\CalculateField" Date="20240304" Time="140534">CalculateField planeacion_especifica_2023 obj_geo "Planeación Específica 2023" Python # Text NO_ENFORCE_DOMAINS</Process></lineage></DataProperties><SyncDate>20230724</SyncDate><SyncTime>10362700</SyncTime><ModDate>20230724</ModDate><ModTime>10362700</ModTime></Esri><dataIdInfo><envirDesc Sync="TRUE"> Version 6.2 (Build 9200) ; Esri ArcGIS 10.9.1.28388</envirDesc><dataLang><languageCode value="spa" Sync="TRUE"></languageCode><countryCode value="MEX" Sync="TRUE"></countryCode></dataLang><idCitation><resTitle Sync="TRUE">planeacion_especifica_2023</resTitle><presForm><PresFormCd value="005" Sync="TRUE"></PresFormCd></presForm></idCitation><spatRpType><SpatRepTypCd value="001" Sync="TRUE"></SpatRepTypCd></spatRpType></dataIdInfo><mdLang><languageCode value="spa" Sync="TRUE"></languageCode><countryCode value="MEX" Sync="TRUE"></countryCode></mdLang><distInfo><distFormat><formatName Sync="TRUE">File Geodatabase Feature Class</formatName></distFormat></distInfo><mdHrLv><ScopeCd value="005" Sync="TRUE"></ScopeCd></mdHrLv><mdHrLvName Sync="TRUE">dataset</mdHrLvName><refSysInfo><RefSystem><refSysID><identCode code="0" Sync="TRUE"></identCode></refSysID></RefSystem></refSysInfo><spatRepInfo><VectSpatRep><geometObjs Name="planeacion_especifica_2023"><geoObjTyp><GeoObjTypCd value="002" Sync="TRUE"></GeoObjTypCd></geoObjTyp><geoObjCnt Sync="TRUE">0</geoObjCnt></geometObjs><topLvl><TopoLevCd value="001" Sync="TRUE"></TopoLevCd></topLvl></VectSpatRep></spatRepInfo><spdoinfo><ptvctinf><esriterm Name="planeacion_especifica_2023"><efeatyp Sync="TRUE">Simple</efeatyp><efeageom code="4" Sync="TRUE"></efeageom><esritopo Sync="TRUE">FALSE</esritopo><efeacnt Sync="TRUE">0</efeacnt><spindex Sync="TRUE">TRUE</spindex><linrefer Sync="TRUE">FALSE</linrefer></esriterm></ptvctinf></spdoinfo><eainfo><detailed Name="planeacion_especifica_2023"><enttyp><enttypl Sync="TRUE">planeacion_especifica_2023</enttypl><enttypt Sync="TRUE">Feature Class</enttypt><enttypc Sync="TRUE">0</enttypc></enttyp><attr><attrlabl Sync="TRUE">OBJECTID</attrlabl><attalias Sync="TRUE">OBJECTID</attalias><attrtype Sync="TRUE">OID</attrtype><attwidth Sync="TRUE">4</attwidth><atprecis Sync="TRUE">0</atprecis><attscale Sync="TRUE">0</attscale><attrdef Sync="TRUE">Internal feature number.</attrdef><attrdefs Sync="TRUE">Esri</attrdefs><attrdomv><udom Sync="TRUE">Sequential unique whole numbers that are automatically generated.</udom></attrdomv></attr><attr><attrlabl Sync="TRUE">Shape</attrlabl><attalias Sync="TRUE">Shape</attalias><attrtype Sync="TRUE">Geometry</attrtype><attwidth Sync="TRUE">0</attwidth><atprecis Sync="TRUE">0</atprecis><attscale Sync="TRUE">0</attscale><attrdef Sync="TRUE">Feature geometry.</attrdef><attrdefs Sync="TRUE">Esri</attrdefs><attrdomv><udom Sync="TRUE">Coordinates defining the features.</udom></attrdomv></attr><attr><attrlabl Sync="TRUE">obj_geo</attrlabl><attalias Sync="TRUE">OBJETO GEOGRÁFICO</attalias><attrtype Sync="TRUE">String</attrtype><attwidth Sync="TRUE">50</attwidth><atprecis Sync="TRUE">0</atprecis><attscale Sync="TRUE">0</attscale></attr><attr><attrlabl Sync="TRUE">cod_obj_geo</attrlabl><attalias Sync="TRUE">CÓDIGO DEL OBJETO GEOGRÁFICO</attalias><attrtype Sync="TRUE">String</attrtype><attwidth Sync="TRUE">9</attwidth><atprecis Sync="TRUE">0</atprecis><attscale Sync="TRUE">0</attscale></attr><attr><attrlabl Sync="TRUE">cve_ent</attrlabl><attalias Sync="TRUE">CLAVE DEL ESTADO</attalias><attrtype Sync="TRUE">String</attrtype><attwidth Sync="TRUE">2</attwidth><atprecis Sync="TRUE">0</atprecis><attscale Sync="TRUE">0</attscale></attr><attr><attrlabl Sync="TRUE">cve_mun</attrlabl><attalias Sync="TRUE">CLAVE DEL MUNICIPIO</attalias><attrtype Sync="TRUE">String</attrtype><attwidth Sync="TRUE">3</attwidth><atprecis Sync="TRUE">0</atprecis><attscale Sync="TRUE">0</attscale></attr><attr><attrlabl Sync="TRUE">cve_loc</attrlabl><attalias Sync="TRUE">CLAVE DE LOCALIDAD</attalias><attrtype Sync="TRUE">String</attrtype><attwidth Sync="TRUE">4</attwidth><atprecis Sync="TRUE">0</atprecis><attscale Sync="TRUE">0</attscale></attr><attr><attrlabl Sync="TRUE">cve_cd</attrlabl><attalias Sync="TRUE">CLAVE DE CIUDAD</attalias><attrtype Sync="TRUE">String</attrtype><attwidth Sync="TRUE">2</attwidth><atprecis Sync="TRUE">0</atprecis><attscale Sync="TRUE">0</attscale></attr><attr><attrlabl Sync="TRUE">zonif_prm</attrlabl><attalias Sync="TRUE">ZONIFICACIÓN PRIMARIA</attalias><attrtype Sync="TRUE">String</attrtype><attwidth Sync="TRUE">6</attwidth><atprecis Sync="TRUE">0</atprecis><attscale Sync="TRUE">0</attscale></attr><attr><attrlabl Sync="TRUE">jrsdccn</attrlabl><attalias Sync="TRUE">JURISDICCIÓN</attalias><attrtype Sync="TRUE">String</attrtype><attwidth Sync="TRUE">8</attwidth><atprecis Sync="TRUE">0</atprecis><attscale Sync="TRUE">0</attscale></attr><attr><attrlabl Sync="TRUE">cal_pos</attrlabl><attalias Sync="TRUE">CALIFICADOR DE POSICIÓN</attalias><attrtype Sync="TRUE">String</attrtype><attwidth Sync="TRUE">2</attwidth><atprecis Sync="TRUE">0</atprecis><attscale Sync="TRUE">0</attscale></attr><attr><attrlabl Sync="TRUE">fecha_act</attrlabl><attalias Sync="TRUE">FECHA DE ACTUALIZACIÓN</attalias><attrtype Sync="TRUE">Date</attrtype><attwidth Sync="TRUE">8</attwidth><atprecis Sync="TRUE">0</atprecis><attscale Sync="TRUE">0</attscale></attr><attr><attrlabl Sync="TRUE">a_mod</attrlabl><attalias Sync="TRUE">AÑO DE MODIFICACIÓN</attalias><attrtype Sync="TRUE">SmallInteger</attrtype><attwidth Sync="TRUE">2</attwidth><atprecis Sync="TRUE">0</atprecis><attscale Sync="TRUE">0</attscale></attr><attr><attrlabl Sync="TRUE">institucion</attrlabl><attalias Sync="TRUE">INSTITUCIÓN</attalias><attrtype Sync="TRUE">String</attrtype><attwidth Sync="TRUE">50</attwidth><atprecis Sync="TRUE">0</atprecis><attscale Sync="TRUE">0</attscale></attr><attr><attrlabl Sync="TRUE">fte_inf</attrlabl><attalias Sync="TRUE">FUENTE DE INFORMACIÓN</attalias><attrtype Sync="TRUE">String</attrtype><attwidth Sync="TRUE">100</attwidth><atprecis Sync="TRUE">0</atprecis><attscale Sync="TRUE">0</attscale></attr><attr><attrlabl Sync="TRUE">Identificador</attrlabl><attalias Sync="TRUE">IDENTIFICADOR</attalias><attrtype Sync="TRUE">String</attrtype><attwidth Sync="TRUE">10</attwidth><atprecis Sync="TRUE">0</atprecis><attscale Sync="TRUE">0</attscale></attr><attr><attrlabl Sync="TRUE">categria</attrlabl><attalias Sync="TRUE">CATEGORÍA</attalias><attrtype Sync="TRUE">String</attrtype><attwidth Sync="TRUE">50</attwidth><atprecis Sync="TRUE">0</atprecis><attscale Sync="TRUE">0</attscale></attr><attr><attrlabl Sync="TRUE">descgen</attrlabl><attalias Sync="TRUE">DESCRIPCIÓN GENERAL</attalias><attrtype Sync="TRUE">String</attrtype><attwidth Sync="TRUE">50</attwidth><atprecis Sync="TRUE">0</atprecis><attscale Sync="TRUE">0</attscale></attr><attr><attrlabl Sync="TRUE">nombre</attrlabl><attalias Sync="TRUE">NOMBRE</attalias><attrtype Sync="TRUE">String</attrtype><attwidth Sync="TRUE">100</attwidth><atprecis Sync="TRUE">0</atprecis><attscale Sync="TRUE">0</attscale></attr><attr><attrlabl Sync="TRUE">descrip</attrlabl><attalias Sync="TRUE">DESCRIPCIÓN ESPECÍFICA</attalias><attrtype Sync="TRUE">String</attrtype><attwidth Sync="TRUE">1000</attwidth><atprecis Sync="TRUE">0</atprecis><attscale Sync="TRUE">0</attscale></attr><attr><attrlabl Sync="TRUE">rfrencia</attrlabl><attalias Sync="TRUE">REFERENCIA PDU2040</attalias><attrtype Sync="TRUE">String</attrtype><attwidth Sync="TRUE">1000</attwidth><atprecis Sync="TRUE">0</atprecis><attscale Sync="TRUE">0</attscale></attr><attr><attrlabl Sync="TRUE">sup_has</attrlabl><attalias Sync="TRUE">SUPERFICIE (HAS.)</attalias><attrtype Sync="TRUE">Double</attrtype><attwidth Sync="TRUE">8</attwidth><atprecis Sync="TRUE">0</atprecis><attscale Sync="TRUE">0</attscale></attr><attr><attrlabl Sync="TRUE">catplan</attrlabl><attalias Sync="TRUE">CatPlan</attalias><attrtype Sync="TRUE">SmallInteger</attrtype><attwidth Sync="TRUE">2</attwidth><atprecis Sync="TRUE">0</atprecis><attscale Sync="TRUE">0</attscale></attr><attr><attrlabl Sync="TRUE">tp_pnan</attrlabl><attalias Sync="TRUE">TIPO DE PLANEACION ESPECIFICA</attalias><attrtype Sync="TRUE">SmallInteger</attrtype><attwidth Sync="TRUE">2</attwidth><atprecis Sync="TRUE">0</atprecis><attscale Sync="TRUE">0</attscale></attr><attr><attrlabl Sync="TRUE">Shape_Length</attrlabl><attalias Sync="TRUE">Shape_Length</attalias><attrtype Sync="TRUE">Double</attrtype><attwidth Sync="TRUE">8</attwidth><atprecis Sync="TRUE">0</atprecis><attscale Sync="TRUE">0</attscale><attrdef Sync="TRUE">Length of feature in internal units.</attrdef><attrdefs Sync="TRUE">Esri</attrdefs><attrdomv><udom Sync="TRUE">Positive real numbers that are automatically generated.</udom></attrdomv></attr><attr><attrlabl Sync="TRUE">Shape_Area</attrlabl><attalias Sync="TRUE">Shape_Area</attalias><attrtype Sync="TRUE">Double</attrtype><attwidth Sync="TRUE">8</attwidth><atprecis Sync="TRUE">0</atprecis><attscale Sync="TRUE">0</attscale><attrdef Sync="TRUE">Area of feature in internal units squared.</attrdef><attrdefs Sync="TRUE">Esri</attrdefs><attrdomv><udom Sync="TRUE">Positive real numbers that are automatically generated.</udom></attrdomv></attr><subtype><stname Sync="TRUE">Zona de Integración al Desarrollo</stname><stcode Sync="TRUE">1</stcode><stfield><stfldnm Sync="TRUE">cve_ent</stfldnm><stflddv Sync="TRUE">08</stflddv><stflddd><domname Sync="TRUE">cve_ent_1</domname><domdesc Sync="TRUE">Clave de entiedad</domdesc><domtype Sync="TRUE">Coded Value</domtype><mrgtype Sync="TRUE">Default value</mrgtype><splttype Sync="TRUE">Default value</splttype><domowner Sync="TRUE"></domowner><domfldtp Sync="TRUE">String</domfldtp></stflddd></stfield><stfield><stfldnm Sync="TRUE">cve_mun</stfldnm><stflddv Sync="TRUE">019</stflddv><stflddd><domname Sync="TRUE">cve_mun</domname><domdesc Sync="TRUE">Clave de municipio</domdesc><domtype Sync="TRUE">Coded Value</domtype><mrgtype Sync="TRUE">Default value</mrgtype><splttype Sync="TRUE">Default value</splttype><domowner Sync="TRUE"></domowner><domfldtp Sync="TRUE">String</domfldtp></stflddd></stfield><stfield><stfldnm Sync="TRUE">cve_loc</stfldnm><stflddv Sync="TRUE">0001</stflddv><stflddd><domname Sync="TRUE">cve_loc</domname><domdesc Sync="TRUE">Clave de localidad</domdesc><domtype Sync="TRUE">Coded Value</domtype><mrgtype Sync="TRUE">Default value</mrgtype><splttype Sync="TRUE">Default value</splttype><domowner Sync="TRUE"></domowner><domfldtp Sync="TRUE">String</domfldtp></stflddd></stfield><stfield><stfldnm Sync="TRUE">zonif_prm</stfldnm><stflddd><domname Sync="TRUE">zonif_prm</domname><domdesc Sync="TRUE">Ubicación en la Zonificación Primaria
</domdesc><domtype Sync="TRUE">Coded Value</domtype><mrgtype Sync="TRUE">Default value</mrgtype><splttype Sync="TRUE">Default value</splttype><domowner Sync="TRUE"></domowner><domfldtp Sync="TRUE">String</domfldtp></stflddd></stfield><stfield><stfldnm Sync="TRUE">jrsdccn</stfldnm><stflddd><domname Sync="TRUE">jrsdccnd</domname><domdesc Sync="TRUE">Jurisdicción de la propiedad</domdesc><domtype Sync="TRUE">Coded Value</domtype><mrgtype Sync="TRUE">Default value</mrgtype><splttype Sync="TRUE">Default value</splttype><domowner Sync="TRUE"></domowner><domfldtp Sync="TRUE">String</domfldtp></stflddd></stfield><stfield><stfldnm Sync="TRUE">cal_pos</stfldnm><stflddd><domname Sync="TRUE">cal_pos</domname><domdesc Sync="TRUE">Calificador de posición</domdesc><domtype Sync="TRUE">Coded Value</domtype><mrgtype Sync="TRUE">Default value</mrgtype><splttype Sync="TRUE">Default value</splttype><domowner Sync="TRUE"></domowner><domfldtp Sync="TRUE">String</domfldtp></stflddd></stfield></subtype><subtype><stname Sync="TRUE">Subcentro Urbano</stname><stcode Sync="TRUE">2</stcode><stfield><stfldnm Sync="TRUE">cve_ent</stfldnm><stflddv Sync="TRUE">08</stflddv><stflddd><domname Sync="TRUE">cve_ent_1</domname><domdesc Sync="TRUE">Clave de entiedad</domdesc><domtype Sync="TRUE">Coded Value</domtype><mrgtype Sync="TRUE">Default value</mrgtype><splttype Sync="TRUE">Default value</splttype><domowner Sync="TRUE"></domowner><domfldtp Sync="TRUE">String</domfldtp></stflddd></stfield><stfield><stfldnm Sync="TRUE">cve_mun</stfldnm><stflddv Sync="TRUE">019</stflddv><stflddd><domname Sync="TRUE">cve_mun</domname><domdesc Sync="TRUE">Clave de municipio</domdesc><domtype Sync="TRUE">Coded Value</domtype><mrgtype Sync="TRUE">Default value</mrgtype><splttype Sync="TRUE">Default value</splttype><domowner Sync="TRUE"></domowner><domfldtp Sync="TRUE">String</domfldtp></stflddd></stfield><stfield><stfldnm Sync="TRUE">cve_loc</stfldnm><stflddv Sync="TRUE">0001</stflddv><stflddd><domname Sync="TRUE">cve_loc</domname><domdesc Sync="TRUE">Clave de localidad</domdesc><domtype Sync="TRUE">Coded Value</domtype><mrgtype Sync="TRUE">Default value</mrgtype><splttype Sync="TRUE">Default value</splttype><domowner Sync="TRUE"></domowner><domfldtp Sync="TRUE">String</domfldtp></stflddd></stfield><stfield><stfldnm Sync="TRUE">zonif_prm</stfldnm><stflddd><domname Sync="TRUE">zonif_prm</domname><domdesc Sync="TRUE">Ubicación en la Zonificación Primaria
</domdesc><domtype Sync="TRUE">Coded Value</domtype><mrgtype Sync="TRUE">Default value</mrgtype><splttype Sync="TRUE">Default value</splttype><domowner Sync="TRUE"></domowner><domfldtp Sync="TRUE">String</domfldtp></stflddd></stfield><stfield><stfldnm Sync="TRUE">jrsdccn</stfldnm><stflddd><domname Sync="TRUE">jrsdccnd</domname><domdesc Sync="TRUE">Jurisdicción de la propiedad</domdesc><domtype Sync="TRUE">Coded Value</domtype><mrgtype Sync="TRUE">Default value</mrgtype><splttype Sync="TRUE">Default value</splttype><domowner Sync="TRUE"></domowner><domfldtp Sync="TRUE">String</domfldtp></stflddd></stfield><stfield><stfldnm Sync="TRUE">cal_pos</stfldnm><stflddd><domname Sync="TRUE">cal_pos</domname><domdesc Sync="TRUE">Calificador de posición</domdesc><domtype Sync="TRUE">Coded Value</domtype><mrgtype Sync="TRUE">Default value</mrgtype><splttype Sync="TRUE">Default value</splttype><domowner Sync="TRUE"></domowner><domfldtp Sync="TRUE">String</domfldtp></stflddd></stfield></subtype><subtype><stname Sync="TRUE">Centro Urbano</stname><stcode Sync="TRUE">3</stcode><stfield><stfldnm Sync="TRUE">cve_ent</stfldnm><stflddv Sync="TRUE">08</stflddv><stflddd><domname Sync="TRUE">cve_ent_1</domname><domdesc Sync="TRUE">Clave de entiedad</domdesc><domtype Sync="TRUE">Coded Value</domtype><mrgtype Sync="TRUE">Default value</mrgtype><splttype Sync="TRUE">Default value</splttype><domowner Sync="TRUE"></domowner><domfldtp Sync="TRUE">String</domfldtp></stflddd></stfield><stfield><stfldnm Sync="TRUE">cve_mun</stfldnm><stflddv Sync="TRUE">019</stflddv><stflddd><domname Sync="TRUE">cve_mun</domname><domdesc Sync="TRUE">Clave de municipio</domdesc><domtype Sync="TRUE">Coded Value</domtype><mrgtype Sync="TRUE">Default value</mrgtype><splttype Sync="TRUE">Default value</splttype><domowner Sync="TRUE"></domowner><domfldtp Sync="TRUE">String</domfldtp></stflddd></stfield><stfield><stfldnm Sync="TRUE">cve_loc</stfldnm><stflddv Sync="TRUE">0001</stflddv><stflddd><domname Sync="TRUE">cve_loc</domname><domdesc Sync="TRUE">Clave de localidad</domdesc><domtype Sync="TRUE">Coded Value</domtype><mrgtype Sync="TRUE">Default value</mrgtype><splttype Sync="TRUE">Default value</splttype><domowner Sync="TRUE"></domowner><domfldtp Sync="TRUE">String</domfldtp></stflddd></stfield><stfield><stfldnm Sync="TRUE">zonif_prm</stfldnm><stflddd><domname Sync="TRUE">zonif_prm</domname><domdesc Sync="TRUE">Ubicación en la Zonificación Primaria
</domdesc><domtype Sync="TRUE">Coded Value</domtype><mrgtype Sync="TRUE">Default value</mrgtype><splttype Sync="TRUE">Default value</splttype><domowner Sync="TRUE"></domowner><domfldtp Sync="TRUE">String</domfldtp></stflddd></stfield><stfield><stfldnm Sync="TRUE">jrsdccn</stfldnm><stflddd><domname Sync="TRUE">jrsdccnd</domname><domdesc Sync="TRUE">Jurisdicción de la propiedad</domdesc><domtype Sync="TRUE">Coded Value</domtype><mrgtype Sync="TRUE">Default value</mrgtype><splttype Sync="TRUE">Default value</splttype><domowner Sync="TRUE"></domowner><domfldtp Sync="TRUE">String</domfldtp></stflddd></stfield><stfield><stfldnm Sync="TRUE">cal_pos</stfldnm><stflddd><domname Sync="TRUE">cal_pos</domname><domdesc Sync="TRUE">Calificador de posición</domdesc><domtype Sync="TRUE">Coded Value</domtype><mrgtype Sync="TRUE">Default value</mrgtype><splttype Sync="TRUE">Default value</splttype><domowner Sync="TRUE"></domowner><domfldtp Sync="TRUE">String</domfldtp></stflddd></stfield></subtype><subtype><stname Sync="TRUE">Polígono de Actuación</stname><stcode Sync="TRUE">4</stcode><stfield><stfldnm Sync="TRUE">cve_ent</stfldnm><stflddv Sync="TRUE">08</stflddv><stflddd><domname Sync="TRUE">cve_ent_1</domname><domdesc Sync="TRUE">Clave de entiedad</domdesc><domtype Sync="TRUE">Coded Value</domtype><mrgtype Sync="TRUE">Default value</mrgtype><splttype Sync="TRUE">Default value</splttype><domowner Sync="TRUE"></domowner><domfldtp Sync="TRUE">String</domfldtp></stflddd></stfield><stfield><stfldnm Sync="TRUE">cve_mun</stfldnm><stflddv Sync="TRUE">019</stflddv><stflddd><domname Sync="TRUE">cve_mun</domname><domdesc Sync="TRUE">Clave de municipio</domdesc><domtype Sync="TRUE">Coded Value</domtype><mrgtype Sync="TRUE">Default value</mrgtype><splttype Sync="TRUE">Default value</splttype><domowner Sync="TRUE"></domowner><domfldtp Sync="TRUE">String</domfldtp></stflddd></stfield><stfield><stfldnm Sync="TRUE">cve_loc</stfldnm><stflddv Sync="TRUE">0001</stflddv><stflddd><domname Sync="TRUE">cve_loc</domname><domdesc Sync="TRUE">Clave de localidad</domdesc><domtype Sync="TRUE">Coded Value</domtype><mrgtype Sync="TRUE">Default value</mrgtype><splttype Sync="TRUE">Default value</splttype><domowner Sync="TRUE"></domowner><domfldtp Sync="TRUE">String</domfldtp></stflddd></stfield><stfield><stfldnm Sync="TRUE">zonif_prm</stfldnm><stflddd><domname Sync="TRUE">zonif_prm</domname><domdesc Sync="TRUE">Ubicación en la Zonificación Primaria
</domdesc><domtype Sync="TRUE">Coded Value</domtype><mrgtype Sync="TRUE">Default value</mrgtype><splttype Sync="TRUE">Default value</splttype><domowner Sync="TRUE"></domowner><domfldtp Sync="TRUE">String</domfldtp></stflddd></stfield><stfield><stfldnm Sync="TRUE">jrsdccn</stfldnm><stflddd><domname Sync="TRUE">jrsdccnd</domname><domdesc Sync="TRUE">Jurisdicción de la propiedad</domdesc><domtype Sync="TRUE">Coded Value</domtype><mrgtype Sync="TRUE">Default value</mrgtype><splttype Sync="TRUE">Default value</splttype><domowner Sync="TRUE"></domowner><domfldtp Sync="TRUE">String</domfldtp></stflddd></stfield><stfield><stfldnm Sync="TRUE">cal_pos</stfldnm><stflddd><domname Sync="TRUE">cal_pos</domname><domdesc Sync="TRUE">Calificador de posición</domdesc><domtype Sync="TRUE">Coded Value</domtype><mrgtype Sync="TRUE">Default value</mrgtype><splttype Sync="TRUE">Default value</splttype><domowner Sync="TRUE"></domowner><domfldtp Sync="TRUE">String</domfldtp></stflddd></stfield></subtype><subtype><stname Sync="TRUE">Corredor de Movilidad</stname><stcode Sync="TRUE">5</stcode><stfield><stfldnm Sync="TRUE">cve_ent</stfldnm><stflddv Sync="TRUE">08</stflddv><stflddd><domname Sync="TRUE">cve_ent_1</domname><domdesc Sync="TRUE">Clave de entiedad</domdesc><domtype Sync="TRUE">Coded Value</domtype><mrgtype Sync="TRUE">Default value</mrgtype><splttype Sync="TRUE">Default value</splttype><domowner Sync="TRUE"></domowner><domfldtp Sync="TRUE">String</domfldtp></stflddd></stfield><stfield><stfldnm Sync="TRUE">cve_mun</stfldnm><stflddv Sync="TRUE">019</stflddv><stflddd><domname Sync="TRUE">cve_mun</domname><domdesc Sync="TRUE">Clave de municipio</domdesc><domtype Sync="TRUE">Coded Value</domtype><mrgtype Sync="TRUE">Default value</mrgtype><splttype Sync="TRUE">Default value</splttype><domowner Sync="TRUE"></domowner><domfldtp Sync="TRUE">String</domfldtp></stflddd></stfield><stfield><stfldnm Sync="TRUE">cve_loc</stfldnm><stflddv Sync="TRUE">0001</stflddv><stflddd><domname Sync="TRUE">cve_loc</domname><domdesc Sync="TRUE">Clave de localidad</domdesc><domtype Sync="TRUE">Coded Value</domtype><mrgtype Sync="TRUE">Default value</mrgtype><splttype Sync="TRUE">Default value</splttype><domowner Sync="TRUE"></domowner><domfldtp Sync="TRUE">String</domfldtp></stflddd></stfield><stfield><stfldnm Sync="TRUE">zonif_prm</stfldnm><stflddd><domname Sync="TRUE">zonif_prm</domname><domdesc Sync="TRUE">Ubicación en la Zonificación Primaria
</domdesc><domtype Sync="TRUE">Coded Value</domtype><mrgtype Sync="TRUE">Default value</mrgtype><splttype Sync="TRUE">Default value</splttype><domowner Sync="TRUE"></domowner><domfldtp Sync="TRUE">String</domfldtp></stflddd></stfield><stfield><stfldnm Sync="TRUE">jrsdccn</stfldnm><stflddd><domname Sync="TRUE">jrsdccnd</domname><domdesc Sync="TRUE">Jurisdicción de la propiedad</domdesc><domtype Sync="TRUE">Coded Value</domtype><mrgtype Sync="TRUE">Default value</mrgtype><splttype Sync="TRUE">Default value</splttype><domowner Sync="TRUE"></domowner><domfldtp Sync="TRUE">String</domfldtp></stflddd></stfield><stfield><stfldnm Sync="TRUE">cal_pos</stfldnm><stflddd><domname Sync="TRUE">cal_pos</domname><domdesc Sync="TRUE">Calificador de posición</domdesc><domtype Sync="TRUE">Coded Value</domtype><mrgtype Sync="TRUE">Default value</mrgtype><splttype Sync="TRUE">Default value</splttype><domowner Sync="TRUE"></domowner><domfldtp Sync="TRUE">String</domfldtp></stflddd></stfield></subtype><subtype><stname Sync="TRUE">Área Natural Protegida</stname><stcode Sync="TRUE">6</stcode><stfield><stfldnm Sync="TRUE">cve_ent</stfldnm><stflddv Sync="TRUE">08</stflddv><stflddd><domname Sync="TRUE">cve_ent_1</domname><domdesc Sync="TRUE">Clave de entiedad</domdesc><domtype Sync="TRUE">Coded Value</domtype><mrgtype Sync="TRUE">Default value</mrgtype><splttype Sync="TRUE">Default value</splttype><domowner Sync="TRUE"></domowner><domfldtp Sync="TRUE">String</domfldtp></stflddd></stfield><stfield><stfldnm Sync="TRUE">cve_mun</stfldnm><stflddv Sync="TRUE">019</stflddv><stflddd><domname Sync="TRUE">cve_mun</domname><domdesc Sync="TRUE">Clave de municipio</domdesc><domtype Sync="TRUE">Coded Value</domtype><mrgtype Sync="TRUE">Default value</mrgtype><splttype Sync="TRUE">Default value</splttype><domowner Sync="TRUE"></domowner><domfldtp Sync="TRUE">String</domfldtp></stflddd></stfield><stfield><stfldnm Sync="TRUE">cve_loc</stfldnm><stflddv Sync="TRUE">0001</stflddv><stflddd><domname Sync="TRUE">cve_loc</domname><domdesc Sync="TRUE">Clave de localidad</domdesc><domtype Sync="TRUE">Coded Value</domtype><mrgtype Sync="TRUE">Default value</mrgtype><splttype Sync="TRUE">Default value</splttype><domowner Sync="TRUE"></domowner><domfldtp Sync="TRUE">String</domfldtp></stflddd></stfield><stfield><stfldnm Sync="TRUE">zonif_prm</stfldnm><stflddd><domname Sync="TRUE">zonif_prm</domname><domdesc Sync="TRUE">Ubicación en la Zonificación Primaria
</domdesc><domtype Sync="TRUE">Coded Value</domtype><mrgtype Sync="TRUE">Default value</mrgtype><splttype Sync="TRUE">Default value</splttype><domowner Sync="TRUE"></domowner><domfldtp Sync="TRUE">String</domfldtp></stflddd></stfield><stfield><stfldnm Sync="TRUE">jrsdccn</stfldnm><stflddd><domname Sync="TRUE">jrsdccnd</domname><domdesc Sync="TRUE">Jurisdicción de la propiedad</domdesc><domtype Sync="TRUE">Coded Value</domtype><mrgtype Sync="TRUE">Default value</mrgtype><splttype Sync="TRUE">Default value</splttype><domowner Sync="TRUE"></domowner><domfldtp Sync="TRUE">String</domfldtp></stflddd></stfield><stfield><stfldnm Sync="TRUE">cal_pos</stfldnm><stflddd><domname Sync="TRUE">cal_pos</domname><domdesc Sync="TRUE">Calificador de posición</domdesc><domtype Sync="TRUE">Coded Value</domtype><mrgtype Sync="TRUE">Default value</mrgtype><splttype Sync="TRUE">Default value</splttype><domowner Sync="TRUE"></domowner><domfldtp Sync="TRUE">String</domfldtp></stflddd></stfield></subtype></detailed></eainfo><mdDateSt Sync="TRUE">20230724</mdDateSt></metadata>
